0	-0.000112442
1.77869e-13	-0.000113124
3.55738e-13	-0.000113807
5.33607e-13	-0.000114492
7.11476e-13	-0.000115178
8.89345e-13	-0.000115866
1.06721e-12	-0.000116556
1.24508e-12	-0.000117247
1.42295e-12	-0.000117939
1.60082e-12	-0.000118633
1.77869e-12	-0.000119328
1.95656e-12	-0.000120025
2.13443e-12	-0.000120723
2.3123e-12	-0.000121422
2.49017e-12	-0.000122122
2.66804e-12	-0.000122824
2.8459e-12	-0.000123527
3.02377e-12	-0.000124231
3.20164e-12	-0.000124937
3.37951e-12	-0.000125643
3.55738e-12	-0.00012635
3.73525e-12	-0.000127059
3.91312e-12	-0.000127768
4.09099e-12	-0.000128479
4.26886e-12	-0.00012919
4.44673e-12	-0.000129902
4.62459e-12	-0.000130615
4.80246e-12	-0.000131329
4.98033e-12	-0.000132043
5.1582e-12	-0.000132758
5.33607e-12	-0.000133474
5.51394e-12	-0.00013419
5.69181e-12	-0.000134907
5.86968e-12	-0.000135625
6.04755e-12	-0.000136343
6.22542e-12	-0.000137061
6.40329e-12	-0.00013778
6.58115e-12	-0.000138499
6.75902e-12	-0.000139218
6.93689e-12	-0.000139938
7.11476e-12	-0.000140657
7.29263e-12	-0.000141377
7.4705e-12	-0.000142097
7.64837e-12	-0.000142817
7.82624e-12	-0.000143537
8.00411e-12	-0.000144257
8.18198e-12	-0.000144977
8.35984e-12	-0.000145696
8.53771e-12	-0.000146415
8.71558e-12	-0.000147134
8.89345e-12	-0.000147853
9.07132e-12	-0.000148571
9.24919e-12	-0.000149289
9.42706e-12	-0.000150006
9.60493e-12	-0.000150722
9.7828e-12	-0.000151438
9.96067e-12	-0.000152153
1.01385e-11	-0.000152867
1.03164e-11	-0.000153581
1.04943e-11	-0.000154293
1.06721e-11	-0.000155005
1.085e-11	-0.000155715
1.10279e-11	-0.000156424
1.12057e-11	-0.000157132
1.13836e-11	-0.000157839
1.15615e-11	-0.000158545
1.17394e-11	-0.000159249
1.19172e-11	-0.000159951
1.20951e-11	-0.000160652
1.2273e-11	-0.000161352
1.24508e-11	-0.000162049
1.26287e-11	-0.000162745
1.28066e-11	-0.000163439
1.29844e-11	-0.000164131
1.31623e-11	-0.000164821
1.33402e-11	-0.000165509
1.3518e-11	-0.000166195
1.36959e-11	-0.000166879
1.38738e-11	-0.00016756
1.40517e-11	-0.000168239
1.42295e-11	-0.000168915
1.44074e-11	-0.000169589
1.45853e-11	-0.000170259
1.47631e-11	-0.000170928
1.4941e-11	-0.000171593
1.51189e-11	-0.000172255
1.52967e-11	-0.000172915
1.54746e-11	-0.000173571
1.56525e-11	-0.000174224
1.58303e-11	-0.000174874
1.60082e-11	-0.00017552
1.61861e-11	-0.000176163
1.6364e-11	-0.000176802
1.65418e-11	-0.000177437
1.67197e-11	-0.000178069
1.68976e-11	-0.000178697
1.70754e-11	-0.00017932
1.72533e-11	-0.00017994
1.74312e-11	-0.000180555
1.7609e-11	-0.000181166
1.77869e-11	-0.000181773
1.79648e-11	-0.000182375
1.81426e-11	-0.000182973
1.83205e-11	-0.000183565
1.84984e-11	-0.000184153
1.86762e-11	-0.000184736
1.88541e-11	-0.000185314
1.9032e-11	-0.000185887
1.92099e-11	-0.000186454
1.93877e-11	-0.000187016
1.95656e-11	-0.000187572
1.97435e-11	-0.000188123
1.99213e-11	-0.000188668
2.00992e-11	-0.000189207
2.02771e-11	-0.000189739
2.04549e-11	-0.000190266
2.06328e-11	-0.000190787
2.08107e-11	-0.000191301
2.09885e-11	-0.000191808
2.11664e-11	-0.000192309
2.13443e-11	-0.000192803
2.15222e-11	-0.00019329
2.17e-11	-0.00019377
2.18779e-11	-0.000194243
2.20558e-11	-0.000194709
2.22336e-11	-0.000195167
2.24115e-11	-0.000195617
2.25894e-11	-0.00019606
2.27672e-11	-0.000196495
2.29451e-11	-0.000196921
2.3123e-11	-0.00019734
2.33008e-11	-0.00019775
2.34787e-11	-0.000198152
2.36566e-11	-0.000198545
2.38345e-11	-0.00019893
2.40123e-11	-0.000199305
2.41902e-11	-0.000199672
2.43681e-11	-0.000200029
2.45459e-11	-0.000200376
2.47238e-11	-0.000200715
2.49017e-11	-0.000201043
2.50795e-11	-0.000201362
2.52574e-11	-0.000201671
2.54353e-11	-0.000201969
2.56131e-11	-0.000202257
2.5791e-11	-0.000202535
2.59689e-11	-0.000202802
2.61467e-11	-0.000203058
2.63246e-11	-0.000203303
2.65025e-11	-0.000203537
2.66804e-11	-0.00020376
2.68582e-11	-0.000203971
2.70361e-11	-0.00020417
2.7214e-11	-0.000204358
2.73918e-11	-0.000204533
2.75697e-11	-0.000204696
2.77476e-11	-0.000204847
2.79254e-11	-0.000204985
2.81033e-11	-0.00020511
2.82812e-11	-0.000205222
2.8459e-11	-0.000205321
2.86369e-11	-0.000205407
2.88148e-11	-0.000205479
2.89927e-11	-0.000205538
2.91705e-11	-0.000205582
2.93484e-11	-0.000205612
2.95263e-11	-0.000205628
2.97041e-11	-0.00020563
2.9882e-11	-0.000205616
3.00599e-11	-0.000205588
3.02377e-11	-0.000205544
3.04156e-11	-0.000205485
3.05935e-11	-0.000205411
3.07713e-11	-0.000205321
3.09492e-11	-0.000205214
3.11271e-11	-0.000205092
3.13049e-11	-0.000204953
3.14828e-11	-0.000204797
3.16607e-11	-0.000204625
3.18386e-11	-0.000204435
3.20164e-11	-0.000204228
3.21943e-11	-0.000204004
3.23722e-11	-0.000203762
3.255e-11	-0.000203502
3.27279e-11	-0.000203223
3.29058e-11	-0.000202926
3.30836e-11	-0.00020261
3.32615e-11	-0.000202276
3.34394e-11	-0.000201922
3.36172e-11	-0.000201549
3.37951e-11	-0.000201156
3.3973e-11	-0.000200743
3.41509e-11	-0.00020031
3.43287e-11	-0.000199857
3.45066e-11	-0.000199383
3.46845e-11	-0.000198888
3.48623e-11	-0.000198372
3.50402e-11	-0.000197835
3.52181e-11	-0.000197276
3.53959e-11	-0.000196695
3.55738e-11	-0.000196092
3.57517e-11	-0.000195466
3.59295e-11	-0.000194818
3.61074e-11	-0.000194146
3.62853e-11	-0.000193452
3.64632e-11	-0.000192734
3.6641e-11	-0.000191992
3.68189e-11	-0.000191226
3.69968e-11	-0.000190436
3.71746e-11	-0.000189621
3.73525e-11	-0.000188781
3.75304e-11	-0.000187916
3.77082e-11	-0.000187025
3.78861e-11	-0.000186109
3.8064e-11	-0.000185167
3.82418e-11	-0.000184198
3.84197e-11	-0.000183203
3.85976e-11	-0.00018218
3.87754e-11	-0.000181131
3.89533e-11	-0.000180054
3.91312e-11	-0.000178949
3.93091e-11	-0.000177816
3.94869e-11	-0.000176655
3.96648e-11	-0.000175464
3.98427e-11	-0.000174245
4.00205e-11	-0.000172997
4.01984e-11	-0.000171718
4.03763e-11	-0.00017041
4.05541e-11	-0.000169071
4.0732e-11	-0.000167702
4.09099e-11	-0.000166302
4.10877e-11	-0.00016487
4.12656e-11	-0.000163407
4.14435e-11	-0.000161912
4.16214e-11	-0.000160385
4.17992e-11	-0.000158825
4.19771e-11	-0.000157232
4.2155e-11	-0.000155606
4.23328e-11	-0.000153946
4.25107e-11	-0.000152252
4.26886e-11	-0.000150524
4.28664e-11	-0.000148761
4.30443e-11	-0.000146963
4.32222e-11	-0.00014513
4.34e-11	-0.000143261
4.35779e-11	-0.000141356
4.37558e-11	-0.000139415
4.39337e-11	-0.000137436
4.41115e-11	-0.000135421
4.42894e-11	-0.000133368
4.44673e-11	-0.000131277
4.46451e-11	-0.000129148
4.4823e-11	-0.00012698
4.50009e-11	-0.000124774
4.51787e-11	-0.000122528
4.53566e-11	-0.000120242
4.55345e-11	-0.000117916
4.57123e-11	-0.000115549
4.58902e-11	-0.000113142
4.60681e-11	-0.000110693
4.62459e-11	-0.000108202
4.64238e-11	-0.00010567
4.66017e-11	-0.000103095
4.67796e-11	-0.000100477
4.69574e-11	-9.78158e-05
4.71353e-11	-9.51109e-05
4.73132e-11	-9.23619e-05
4.7491e-11	-8.95685e-05
4.76689e-11	-8.67301e-05
4.78468e-11	-8.38464e-05
4.80246e-11	-8.0917e-05
4.82025e-11	-7.79414e-05
4.83804e-11	-7.49193e-05
4.85582e-11	-7.18502e-05
4.87361e-11	-6.87337e-05
4.8914e-11	-6.55694e-05
4.90919e-11	-6.23568e-05
4.92697e-11	-5.90955e-05
4.94476e-11	-5.57851e-05
4.96255e-11	-5.24251e-05
4.98033e-11	-4.90151e-05
4.99812e-11	-4.55547e-05
5.01591e-11	-4.20434e-05
5.03369e-11	-3.84808e-05
5.05148e-11	-3.48664e-05
5.06927e-11	-3.11998e-05
5.08705e-11	-2.74805e-05
5.10484e-11	-2.37081e-05
5.12263e-11	-1.98821e-05
5.14041e-11	-1.60021e-05
5.1582e-11	-1.20676e-05
5.17599e-11	-8.07809e-06
5.19378e-11	-4.03316e-06
5.21156e-11	6.76628e-08
5.22935e-11	4.22486e-06
5.24714e-11	8.4389e-06
5.26492e-11	1.27103e-05
5.28271e-11	1.70394e-05
5.3005e-11	2.14269e-05
5.31828e-11	2.58731e-05
5.33607e-11	3.03785e-05
5.35386e-11	3.49437e-05
5.37164e-11	3.95691e-05
5.38943e-11	4.42552e-05
5.40722e-11	4.90025e-05
5.42501e-11	5.38116e-05
5.44279e-11	5.86828e-05
5.46058e-11	6.36168e-05
5.47837e-11	6.86139e-05
5.49615e-11	7.36748e-05
5.51394e-11	7.87999e-05
5.53173e-11	8.39897e-05
5.54951e-11	8.92448e-05
5.5673e-11	9.45657e-05
5.58509e-11	9.99528e-05
5.60287e-11	0.000105407
5.62066e-11	0.000110928
5.63845e-11	0.000116517
5.65624e-11	0.000122175
5.67402e-11	0.000127901
5.69181e-11	0.000133697
5.7096e-11	0.000139563
5.72738e-11	0.000145499
5.74517e-11	0.000151507
5.76296e-11	0.000157586
5.78074e-11	0.000163737
5.79853e-11	0.00016996
5.81632e-11	0.000176258
5.8341e-11	0.000182628
5.85189e-11	0.000189074
5.86968e-11	0.000195594
5.88746e-11	0.000202189
5.90525e-11	0.000208861
5.92304e-11	0.000215609
5.94083e-11	0.000222434
5.95861e-11	0.000229337
5.9764e-11	0.000236318
5.99419e-11	0.000243378
6.01197e-11	0.000250517
6.02976e-11	0.000257737
6.04755e-11	0.000265037
6.06533e-11	0.000272418
6.08312e-11	0.000279881
6.10091e-11	0.000287426
6.11869e-11	0.000295054
6.13648e-11	0.000302765
6.15427e-11	0.000310561
6.17206e-11	0.000318441
6.18984e-11	0.000326407
6.20763e-11	0.000334458
6.22542e-11	0.000342596
6.2432e-11	0.000350821
6.26099e-11	0.000359133
6.27878e-11	0.000367534
6.29656e-11	0.000376024
6.31435e-11	0.000384603
6.33214e-11	0.000393272
6.34992e-11	0.000402032
6.36771e-11	0.000410883
6.3855e-11	0.000419826
6.40329e-11	0.000428862
6.42107e-11	0.000437991
6.43886e-11	0.000447213
6.45665e-11	0.000456531
6.47443e-11	0.000465943
6.49222e-11	0.000475451
6.51001e-11	0.000485055
6.52779e-11	0.000494756
6.54558e-11	0.000504554
6.56337e-11	0.000514451
6.58115e-11	0.000524447
6.59894e-11	0.000534542
6.61673e-11	0.000544737
6.63451e-11	0.000555034
6.6523e-11	0.000565431
6.67009e-11	0.000575931
6.68788e-11	0.000586533
6.70566e-11	0.000597238
6.72345e-11	0.000608048
6.74124e-11	0.000618962
6.75902e-11	0.000629982
6.77681e-11	0.000641108
6.7946e-11	0.00065234
6.81238e-11	0.000663679
6.83017e-11	0.000675127
6.84796e-11	0.000686683
6.86574e-11	0.000698348
6.88353e-11	0.000710124
6.90132e-11	0.00072201
6.91911e-11	0.000734007
6.93689e-11	0.000746116
6.95468e-11	0.000758338
6.97247e-11	0.000770673
6.99025e-11	0.000783122
7.00804e-11	0.000795686
7.02583e-11	0.000808365
7.04361e-11	0.00082116
7.0614e-11	0.000834072
7.07919e-11	0.000847102
7.09697e-11	0.000860249
7.11476e-11	0.000873515
7.13255e-11	0.0008869
7.15034e-11	0.000900406
7.16812e-11	0.000914032
7.18591e-11	0.00092778
7.2037e-11	0.00094165
7.22148e-11	0.000955643
7.23927e-11	0.000969759
7.25706e-11	0.000984
7.27484e-11	0.000998366
7.29263e-11	0.00101286
7.31042e-11	0.00102747
7.3282e-11	0.00104222
7.34599e-11	0.00105709
7.36378e-11	0.00107209
7.38156e-11	0.00108722
7.39935e-11	0.00110248
7.41714e-11	0.00111787
7.43493e-11	0.00113339
7.45271e-11	0.00114905
7.4705e-11	0.00116483
7.48829e-11	0.00118075
7.50607e-11	0.00119681
7.52386e-11	0.00121299
7.54165e-11	0.00122932
7.55943e-11	0.00124578
7.57722e-11	0.00126237
7.59501e-11	0.00127911
7.61279e-11	0.00129598
7.63058e-11	0.00131299
7.64837e-11	0.00133014
7.66616e-11	0.00134744
7.68394e-11	0.00136487
7.70173e-11	0.00138244
7.71952e-11	0.00140016
7.7373e-11	0.00141802
7.75509e-11	0.00143602
7.77288e-11	0.00145417
7.79066e-11	0.00147247
7.80845e-11	0.00149091
7.82624e-11	0.00150949
7.84402e-11	0.00152823
7.86181e-11	0.00154711
7.8796e-11	0.00156614
7.89738e-11	0.00158532
7.91517e-11	0.00160466
7.93296e-11	0.00162414
7.95075e-11	0.00164377
7.96853e-11	0.00166356
7.98632e-11	0.0016835
8.00411e-11	0.00170359
8.02189e-11	0.00172384
8.03968e-11	0.00174424
8.05747e-11	0.0017648
8.07525e-11	0.00178552
8.09304e-11	0.00180639
8.11083e-11	0.00182742
8.12861e-11	0.00184862
8.1464e-11	0.00186996
8.16419e-11	0.00189147
8.18198e-11	0.00191315
8.19976e-11	0.00193498
8.21755e-11	0.00195697
8.23534e-11	0.00197913
8.25312e-11	0.00200145
8.27091e-11	0.00202394
8.2887e-11	0.00204659
8.30648e-11	0.0020694
8.32427e-11	0.00209239
8.34206e-11	0.00211554
8.35984e-11	0.00213885
8.37763e-11	0.00216234
8.39542e-11	0.00218599
8.41321e-11	0.00220982
8.43099e-11	0.00223382
8.44878e-11	0.00225798
8.46657e-11	0.00228232
8.48435e-11	0.00230683
8.50214e-11	0.00233152
8.51993e-11	0.00235637
8.53771e-11	0.00238141
8.5555e-11	0.00240662
8.57329e-11	0.002432
8.59107e-11	0.00245756
8.60886e-11	0.0024833
8.62665e-11	0.00250921
8.64443e-11	0.00253531
8.66222e-11	0.00256158
8.68001e-11	0.00258803
8.6978e-11	0.00261467
8.71558e-11	0.00264148
8.73337e-11	0.00266848
8.75116e-11	0.00269566
8.76894e-11	0.00272302
8.78673e-11	0.00275057
8.80452e-11	0.0027783
8.8223e-11	0.00280621
8.84009e-11	0.00283431
8.85788e-11	0.0028626
8.87566e-11	0.00289107
8.89345e-11	0.00291973
8.91124e-11	0.00294858
8.92903e-11	0.00297762
8.94681e-11	0.00300685
8.9646e-11	0.00303627
8.98239e-11	0.00306587
9.00017e-11	0.00309567
9.01796e-11	0.00312566
9.03575e-11	0.00315585
9.05353e-11	0.00318622
9.07132e-11	0.00321679
9.08911e-11	0.00324755
9.10689e-11	0.00327851
9.12468e-11	0.00330967
9.14247e-11	0.00334101
9.16026e-11	0.00337256
9.17804e-11	0.0034043
9.19583e-11	0.00343624
9.21362e-11	0.00346838
9.2314e-11	0.00350071
9.24919e-11	0.00353325
9.26698e-11	0.00356598
9.28476e-11	0.00359892
9.30255e-11	0.00363205
9.32034e-11	0.00366539
9.33812e-11	0.00369893
9.35591e-11	0.00373267
9.3737e-11	0.00376661
9.39148e-11	0.00380076
9.40927e-11	0.00383511
9.42706e-11	0.00386966
9.44485e-11	0.00390442
9.46263e-11	0.00393938
9.48042e-11	0.00397455
9.49821e-11	0.00400993
9.51599e-11	0.00404551
9.53378e-11	0.0040813
9.55157e-11	0.0041173
9.56935e-11	0.0041535
9.58714e-11	0.00418991
9.60493e-11	0.00422654
9.62271e-11	0.00426337
9.6405e-11	0.00430041
9.65829e-11	0.00433766
9.67608e-11	0.00437512
9.69386e-11	0.00441279
9.71165e-11	0.00445068
9.72944e-11	0.00448877
9.74722e-11	0.00452708
9.76501e-11	0.0045656
9.7828e-11	0.00460433
9.80058e-11	0.00464328
9.81837e-11	0.00468243
9.83616e-11	0.00472181
9.85394e-11	0.00476139
9.87173e-11	0.0048012
9.88952e-11	0.00484121
9.90731e-11	0.00488144
9.92509e-11	0.00492189
9.94288e-11	0.00496255
9.96067e-11	0.00500343
9.97845e-11	0.00504453
9.99624e-11	0.00508584
1.0014e-10	0.00512737
1.00318e-10	0.00516911
1.00496e-10	0.00521108
1.00674e-10	0.00525326
1.00852e-10	0.00529566
1.0103e-10	0.00533827
1.01207e-10	0.00538111
1.01385e-10	0.00542416
1.01563e-10	0.00546744
1.01741e-10	0.00551093
1.01919e-10	0.00555464
1.02097e-10	0.00559857
1.02275e-10	0.00564272
1.02453e-10	0.00568709
1.0263e-10	0.00573167
1.02808e-10	0.00577648
1.02986e-10	0.00582151
1.03164e-10	0.00586676
1.03342e-10	0.00591223
1.0352e-10	0.00595792
1.03698e-10	0.00600383
1.03876e-10	0.00604996
1.04053e-10	0.00609631
1.04231e-10	0.00614288
1.04409e-10	0.00618967
1.04587e-10	0.00623668
1.04765e-10	0.00628392
1.04943e-10	0.00633137
1.05121e-10	0.00637905
1.05298e-10	0.00642694
1.05476e-10	0.00647506
1.05654e-10	0.0065234
1.05832e-10	0.00657195
1.0601e-10	0.00662073
1.06188e-10	0.00666973
1.06366e-10	0.00671895
1.06544e-10	0.00676839
1.06721e-10	0.00681805
1.06899e-10	0.00686793
1.07077e-10	0.00691803
1.07255e-10	0.00696835
1.07433e-10	0.00701889
1.07611e-10	0.00706965
1.07789e-10	0.00712062
1.07967e-10	0.00717182
1.08144e-10	0.00722324
1.08322e-10	0.00727487
1.085e-10	0.00732673
1.08678e-10	0.0073788
1.08856e-10	0.00743109
1.09034e-10	0.0074836
1.09212e-10	0.00753632
1.09389e-10	0.00758927
1.09567e-10	0.00764243
1.09745e-10	0.0076958
1.09923e-10	0.00774939
1.10101e-10	0.0078032
1.10279e-10	0.00785723
1.10457e-10	0.00791146
1.10635e-10	0.00796592
1.10812e-10	0.00802059
1.1099e-10	0.00807547
1.11168e-10	0.00813056
1.11346e-10	0.00818587
1.11524e-10	0.00824139
1.11702e-10	0.00829713
1.1188e-10	0.00835307
1.12057e-10	0.00840923
1.12235e-10	0.00846559
1.12413e-10	0.00852217
1.12591e-10	0.00857896
1.12769e-10	0.00863595
1.12947e-10	0.00869316
1.13125e-10	0.00875057
1.13303e-10	0.00880819
1.1348e-10	0.00886601
1.13658e-10	0.00892404
1.13836e-10	0.00898228
1.14014e-10	0.00904072
1.14192e-10	0.00909936
1.1437e-10	0.00915821
1.14548e-10	0.00921726
1.14726e-10	0.00927651
1.14903e-10	0.00933596
1.15081e-10	0.00939561
1.15259e-10	0.00945546
1.15437e-10	0.00951551
1.15615e-10	0.00957576
1.15793e-10	0.0096362
1.15971e-10	0.00969684
1.16148e-10	0.00975768
1.16326e-10	0.0098187
1.16504e-10	0.00987992
1.16682e-10	0.00994134
1.1686e-10	0.0100029
1.17038e-10	0.0100647
1.17216e-10	0.0101267
1.17394e-10	0.0101889
1.17571e-10	0.0102513
1.17749e-10	0.0103138
1.17927e-10	0.0103765
1.18105e-10	0.0104394
1.18283e-10	0.0105025
1.18461e-10	0.0105658
1.18639e-10	0.0106293
1.18817e-10	0.0106929
1.18994e-10	0.0107567
1.19172e-10	0.0108207
1.1935e-10	0.0108849
1.19528e-10	0.0109492
1.19706e-10	0.0110137
1.19884e-10	0.0110784
1.20062e-10	0.0111433
1.20239e-10	0.0112083
1.20417e-10	0.0112735
1.20595e-10	0.0113389
1.20773e-10	0.0114044
1.20951e-10	0.0114701
1.21129e-10	0.0115359
1.21307e-10	0.011602
1.21485e-10	0.0116681
1.21662e-10	0.0117345
1.2184e-10	0.0118009
1.22018e-10	0.0118676
1.22196e-10	0.0119344
1.22374e-10	0.0120013
1.22552e-10	0.0120684
1.2273e-10	0.0121357
1.22908e-10	0.012203
1.23085e-10	0.0122706
1.23263e-10	0.0123382
1.23441e-10	0.0124061
1.23619e-10	0.012474
1.23797e-10	0.0125421
1.23975e-10	0.0126103
1.24153e-10	0.0126787
1.2433e-10	0.0127472
1.24508e-10	0.0128158
1.24686e-10	0.0128846
1.24864e-10	0.0129535
1.25042e-10	0.0130225
1.2522e-10	0.0130916
1.25398e-10	0.0131609
1.25576e-10	0.0132302
1.25753e-10	0.0132997
1.25931e-10	0.0133693
1.26109e-10	0.013439
1.26287e-10	0.0135088
1.26465e-10	0.0135788
1.26643e-10	0.0136488
1.26821e-10	0.0137189
1.26998e-10	0.0137892
1.27176e-10	0.0138595
1.27354e-10	0.01393
1.27532e-10	0.0140005
1.2771e-10	0.0140711
1.27888e-10	0.0141418
1.28066e-10	0.0142126
1.28244e-10	0.0142835
1.28421e-10	0.0143545
1.28599e-10	0.0144255
1.28777e-10	0.0144967
1.28955e-10	0.0145679
1.29133e-10	0.0146391
1.29311e-10	0.0147105
1.29489e-10	0.0147819
1.29667e-10	0.0148534
1.29844e-10	0.0149249
1.30022e-10	0.0149965
1.302e-10	0.0150682
1.30378e-10	0.0151399
1.30556e-10	0.0152116
1.30734e-10	0.0152835
1.30912e-10	0.0153553
1.31089e-10	0.0154272
1.31267e-10	0.0154992
1.31445e-10	0.0155711
1.31623e-10	0.0156431
1.31801e-10	0.0157152
1.31979e-10	0.0157873
1.32157e-10	0.0158594
1.32335e-10	0.0159315
1.32512e-10	0.0160036
1.3269e-10	0.0160758
1.32868e-10	0.0161479
1.33046e-10	0.0162201
1.33224e-10	0.0162923
1.33402e-10	0.0163645
1.3358e-10	0.0164367
1.33758e-10	0.0165089
1.33935e-10	0.016581
1.34113e-10	0.0166532
1.34291e-10	0.0167254
1.34469e-10	0.0167975
1.34647e-10	0.0168696
1.34825e-10	0.0169417
1.35003e-10	0.0170138
1.3518e-10	0.0170858
1.35358e-10	0.0171578
1.35536e-10	0.0172298
1.35714e-10	0.0173017
1.35892e-10	0.0173736
1.3607e-10	0.0174455
1.36248e-10	0.0175172
1.36426e-10	0.017589
1.36603e-10	0.0176606
1.36781e-10	0.0177322
1.36959e-10	0.0178038
1.37137e-10	0.0178752
1.37315e-10	0.0179466
1.37493e-10	0.0180179
1.37671e-10	0.0180892
1.37848e-10	0.0181603
1.38026e-10	0.0182314
1.38204e-10	0.0183023
1.38382e-10	0.0183732
1.3856e-10	0.0184439
1.38738e-10	0.0185146
1.38916e-10	0.0185851
1.39094e-10	0.0186556
1.39271e-10	0.0187259
1.39449e-10	0.018796
1.39627e-10	0.0188661
1.39805e-10	0.018936
1.39983e-10	0.0190058
1.40161e-10	0.0190754
1.40339e-10	0.0191449
1.40517e-10	0.0192143
1.40694e-10	0.0192835
1.40872e-10	0.0193525
1.4105e-10	0.0194214
1.41228e-10	0.0194901
1.41406e-10	0.0195586
1.41584e-10	0.0196269
1.41762e-10	0.0196951
1.41939e-10	0.0197631
1.42117e-10	0.0198309
1.42295e-10	0.0198984
1.42473e-10	0.0199658
1.42651e-10	0.020033
1.42829e-10	0.0201
1.43007e-10	0.0201667
1.43185e-10	0.0202333
1.43362e-10	0.0202996
1.4354e-10	0.0203657
1.43718e-10	0.0204315
1.43896e-10	0.0204971
1.44074e-10	0.0205624
1.44252e-10	0.0206276
1.4443e-10	0.0206924
1.44608e-10	0.020757
1.44785e-10	0.0208213
1.44963e-10	0.0208853
1.45141e-10	0.0209491
1.45319e-10	0.0210126
1.45497e-10	0.0210758
1.45675e-10	0.0211387
1.45853e-10	0.0212013
1.4603e-10	0.0212636
1.46208e-10	0.0213255
1.46386e-10	0.0213872
1.46564e-10	0.0214485
1.46742e-10	0.0215096
1.4692e-10	0.0215703
1.47098e-10	0.0216306
1.47276e-10	0.0216906
1.47453e-10	0.0217502
1.47631e-10	0.0218095
1.47809e-10	0.0218685
1.47987e-10	0.021927
1.48165e-10	0.0219852
1.48343e-10	0.022043
1.48521e-10	0.0221005
1.48699e-10	0.0221575
1.48876e-10	0.0222141
1.49054e-10	0.0222704
1.49232e-10	0.0223262
1.4941e-10	0.0223816
1.49588e-10	0.0224366
1.49766e-10	0.0224911
1.49944e-10	0.0225452
1.50121e-10	0.0225989
1.50299e-10	0.0226521
1.50477e-10	0.0227049
1.50655e-10	0.0227572
1.50833e-10	0.0228091
1.51011e-10	0.0228605
1.51189e-10	0.0229113
1.51367e-10	0.0229618
1.51544e-10	0.0230117
1.51722e-10	0.0230611
1.519e-10	0.02311
1.52078e-10	0.0231584
1.52256e-10	0.0232063
1.52434e-10	0.0232536
1.52612e-10	0.0233004
1.52789e-10	0.0233467
1.52967e-10	0.0233925
1.53145e-10	0.0234376
1.53323e-10	0.0234823
1.53501e-10	0.0235263
1.53679e-10	0.0235698
1.53857e-10	0.0236127
1.54035e-10	0.023655
1.54212e-10	0.0236967
1.5439e-10	0.0237378
1.54568e-10	0.0237783
1.54746e-10	0.0238182
1.54924e-10	0.0238575
1.55102e-10	0.0238961
1.5528e-10	0.0239341
1.55458e-10	0.0239714
1.55635e-10	0.0240081
1.55813e-10	0.0240441
1.55991e-10	0.0240795
1.56169e-10	0.0241142
1.56347e-10	0.0241482
1.56525e-10	0.0241815
1.56703e-10	0.0242141
1.5688e-10	0.024246
1.57058e-10	0.0242772
1.57236e-10	0.0243077
1.57414e-10	0.0243374
1.57592e-10	0.0243664
1.5777e-10	0.0243947
1.57948e-10	0.0244222
1.58126e-10	0.024449
1.58303e-10	0.024475
1.58481e-10	0.0245002
1.58659e-10	0.0245246
1.58837e-10	0.0245482
1.59015e-10	0.0245711
1.59193e-10	0.0245931
1.59371e-10	0.0246143
1.59549e-10	0.0246347
1.59726e-10	0.0246543
1.59904e-10	0.024673
1.60082e-10	0.0246909
1.6026e-10	0.0247079
1.60438e-10	0.0247241
1.60616e-10	0.0247393
1.60794e-10	0.0247537
1.60971e-10	0.0247672
1.61149e-10	0.0247799
1.61327e-10	0.0247916
1.61505e-10	0.0248024
1.61683e-10	0.0248123
1.61861e-10	0.0248212
1.62039e-10	0.0248292
1.62217e-10	0.0248363
1.62394e-10	0.0248424
1.62572e-10	0.0248475
1.6275e-10	0.0248517
1.62928e-10	0.0248548
1.63106e-10	0.024857
1.63284e-10	0.0248582
1.63462e-10	0.0248584
1.6364e-10	0.0248576
1.63817e-10	0.0248557
1.63995e-10	0.0248528
1.64173e-10	0.0248489
1.64351e-10	0.0248439
1.64529e-10	0.0248379
1.64707e-10	0.0248307
1.64885e-10	0.0248226
1.65062e-10	0.0248133
1.6524e-10	0.0248029
1.65418e-10	0.0247914
1.65596e-10	0.0247788
1.65774e-10	0.0247651
1.65952e-10	0.0247502
1.6613e-10	0.0247342
1.66308e-10	0.0247171
1.66485e-10	0.0246988
1.66663e-10	0.0246793
1.66841e-10	0.0246586
1.67019e-10	0.0246368
1.67197e-10	0.0246138
1.67375e-10	0.0245895
1.67553e-10	0.0245641
1.6773e-10	0.0245374
1.67908e-10	0.0245095
1.68086e-10	0.0244803
1.68264e-10	0.0244499
1.68442e-10	0.0244182
1.6862e-10	0.0243852
1.68798e-10	0.024351
1.68976e-10	0.0243155
1.69153e-10	0.0242787
1.69331e-10	0.0242405
1.69509e-10	0.0242011
1.69687e-10	0.0241603
1.69865e-10	0.0241182
1.70043e-10	0.0240747
1.70221e-10	0.0240299
1.70399e-10	0.0239837
1.70576e-10	0.0239362
1.70754e-10	0.0238872
1.70932e-10	0.0238369
1.7111e-10	0.0237851
1.71288e-10	0.023732
1.71466e-10	0.0236774
1.71644e-10	0.0236213
1.71821e-10	0.0235639
1.71999e-10	0.0235049
1.72177e-10	0.0234446
1.72355e-10	0.0233827
1.72533e-10	0.0233193
1.72711e-10	0.0232545
1.72889e-10	0.0231882
1.73067e-10	0.0231203
1.73244e-10	0.0230509
1.73422e-10	0.02298
1.736e-10	0.0229076
1.73778e-10	0.0228335
1.73956e-10	0.022758
1.74134e-10	0.0226808
1.74312e-10	0.0226021
1.7449e-10	0.0225218
1.74667e-10	0.0224399
1.74845e-10	0.0223563
1.75023e-10	0.0222712
1.75201e-10	0.0221844
1.75379e-10	0.0220959
1.75557e-10	0.0220058
1.75735e-10	0.0219141
1.75912e-10	0.0218207
1.7609e-10	0.0217256
1.76268e-10	0.0216288
1.76446e-10	0.0215303
1.76624e-10	0.02143
1.76802e-10	0.0213281
1.7698e-10	0.0212244
1.77158e-10	0.021119
1.77335e-10	0.0210118
1.77513e-10	0.0209029
1.77691e-10	0.0207922
1.77869e-10	0.0206797
1.78047e-10	0.0205654
1.78225e-10	0.0204493
1.78403e-10	0.0203314
1.78581e-10	0.0202117
1.78758e-10	0.0200901
1.78936e-10	0.0199667
1.79114e-10	0.0198414
1.79292e-10	0.0197143
1.7947e-10	0.0195853
1.79648e-10	0.0194544
1.79826e-10	0.0193216
1.80003e-10	0.0191869
1.80181e-10	0.0190503
1.80359e-10	0.0189118
1.80537e-10	0.0187713
1.80715e-10	0.0186289
1.80893e-10	0.0184845
1.81071e-10	0.0183381
1.81249e-10	0.0181898
1.81426e-10	0.0180395
1.81604e-10	0.0178872
1.81782e-10	0.0177329
1.8196e-10	0.0175765
1.82138e-10	0.0174182
1.82316e-10	0.0172578
1.82494e-10	0.0170953
1.82671e-10	0.0169308
1.82849e-10	0.0167643
1.83027e-10	0.0165956
1.83205e-10	0.0164249
1.83383e-10	0.016252
1.83561e-10	0.0160771
1.83739e-10	0.0159
1.83917e-10	0.0157208
1.84094e-10	0.0155395
1.84272e-10	0.015356
1.8445e-10	0.0151704
1.84628e-10	0.0149826
1.84806e-10	0.0147926
1.84984e-10	0.0146004
1.85162e-10	0.014406
1.8534e-10	0.0142095
1.85517e-10	0.0140107
1.85695e-10	0.0138096
1.85873e-10	0.0136064
1.86051e-10	0.0134009
1.86229e-10	0.0131931
1.86407e-10	0.012983
1.86585e-10	0.0127707
1.86762e-10	0.0125561
1.8694e-10	0.0123392
1.87118e-10	0.01212
1.87296e-10	0.0118985
1.87474e-10	0.0116746
1.87652e-10	0.0114484
1.8783e-10	0.0112199
1.88008e-10	0.010989
1.88185e-10	0.0107558
1.88363e-10	0.0105201
1.88541e-10	0.0102821
1.88719e-10	0.0100417
1.88897e-10	0.00979892
1.89075e-10	0.00955369
1.89253e-10	0.00930605
1.89431e-10	0.00905597
1.89608e-10	0.00880346
1.89786e-10	0.00854849
1.89964e-10	0.00829106
1.90142e-10	0.00803116
1.9032e-10	0.00776879
1.90498e-10	0.00750392
1.90676e-10	0.00723656
1.90853e-10	0.00696669
1.91031e-10	0.00669431
1.91209e-10	0.0064194
1.91387e-10	0.00614196
1.91565e-10	0.00586198
1.91743e-10	0.00557944
1.91921e-10	0.00529435
1.92099e-10	0.00500668
1.92276e-10	0.00471643
1.92454e-10	0.0044236
1.92632e-10	0.00412817
1.9281e-10	0.00383014
1.92988e-10	0.00352949
1.93166e-10	0.00322622
1.93344e-10	0.00292031
1.93522e-10	0.00261177
1.93699e-10	0.00230057
1.93877e-10	0.00198672
1.94055e-10	0.00167021
1.94233e-10	0.00135101
1.94411e-10	0.00102914
1.94589e-10	0.000704574
1.94767e-10	0.000377309
1.94944e-10	4.73351e-05
1.95122e-10	-0.000285355
1.953e-10	-0.00062077
1.95478e-10	-0.000958917
1.95656e-10	-0.00129981
1.95834e-10	-0.00164344
1.96012e-10	-0.00198984
1.9619e-10	-0.002339
1.96367e-10	-0.00269093
1.96545e-10	-0.00304564
1.96723e-10	-0.00340314
1.96901e-10	-0.00376344
1.97079e-10	-0.00412654
1.97257e-10	-0.00449245
1.97435e-10	-0.00486119
1.97612e-10	-0.00523275
1.9779e-10	-0.00560714
1.97968e-10	-0.00598438
1.98146e-10	-0.00636446
1.98324e-10	-0.0067474
1.98502e-10	-0.00713321
1.9868e-10	-0.00752188
1.98858e-10	-0.00791344
1.99035e-10	-0.00830788
1.99213e-10	-0.00870521
1.99391e-10	-0.00910544
1.99569e-10	-0.00950858
1.99747e-10	-0.00991463
1.99925e-10	-0.0103236
2.00103e-10	-0.0107355
2.00281e-10	-0.0111503
2.00458e-10	-0.0115681
2.00636e-10	-0.0119888
2.00814e-10	-0.0124125
2.00992e-10	-0.0128391
2.0117e-10	-0.0132687
2.01348e-10	-0.0137012
2.01526e-10	-0.0141368
2.01703e-10	-0.0145753
2.01881e-10	-0.0150168
2.02059e-10	-0.0154613
2.02237e-10	-0.0159088
2.02415e-10	-0.0163593
2.02593e-10	-0.0168129
2.02771e-10	-0.0172694
2.02949e-10	-0.017729
2.03126e-10	-0.0181916
2.03304e-10	-0.0186572
2.03482e-10	-0.0191259
2.0366e-10	-0.0195976
2.03838e-10	-0.0200724
2.04016e-10	-0.0205502
2.04194e-10	-0.0210311
2.04372e-10	-0.0215151
2.04549e-10	-0.0220021
2.04727e-10	-0.0224922
2.04905e-10	-0.0229854
2.05083e-10	-0.0234816
2.05261e-10	-0.023981
2.05439e-10	-0.0244834
2.05617e-10	-0.0249889
2.05794e-10	-0.0254976
2.05972e-10	-0.0260093
2.0615e-10	-0.0265242
2.06328e-10	-0.0270422
2.06506e-10	-0.0275633
2.06684e-10	-0.0280875
2.06862e-10	-0.0286148
2.0704e-10	-0.0291453
2.07217e-10	-0.0296789
2.07395e-10	-0.0302156
2.07573e-10	-0.0307555
2.07751e-10	-0.0312985
2.07929e-10	-0.0318447
2.08107e-10	-0.032394
2.08285e-10	-0.0329465
2.08463e-10	-0.0335021
2.0864e-10	-0.0340609
2.08818e-10	-0.0346228
2.08996e-10	-0.0351879
2.09174e-10	-0.0357562
2.09352e-10	-0.0363276
2.0953e-10	-0.0369022
2.09708e-10	-0.03748
2.09885e-10	-0.0380609
2.10063e-10	-0.038645
2.10241e-10	-0.0392323
2.10419e-10	-0.0398228
2.10597e-10	-0.0404165
2.10775e-10	-0.0410133
2.10953e-10	-0.0416133
2.11131e-10	-0.0422166
2.11308e-10	-0.0428229
2.11486e-10	-0.0434325
2.11664e-10	-0.0440453
2.11842e-10	-0.0446613
2.1202e-10	-0.0452804
2.12198e-10	-0.0459028
2.12376e-10	-0.0465283
2.12553e-10	-0.047157
2.12731e-10	-0.0477889
2.12909e-10	-0.048424
2.13087e-10	-0.0490623
2.13265e-10	-0.0497038
2.13443e-10	-0.0503485
2.13621e-10	-0.0509964
2.13799e-10	-0.0516474
2.13976e-10	-0.0523017
2.14154e-10	-0.0529591
2.14332e-10	-0.0536197
2.1451e-10	-0.0542836
2.14688e-10	-0.0549506
2.14866e-10	-0.0556208
2.15044e-10	-0.0562941
2.15222e-10	-0.0569707
2.15399e-10	-0.0576504
2.15577e-10	-0.0583334
2.15755e-10	-0.0590194
2.15933e-10	-0.0597087
2.16111e-10	-0.0604012
2.16289e-10	-0.0610968
2.16467e-10	-0.0617956
2.16644e-10	-0.0624975
2.16822e-10	-0.0632026
2.17e-10	-0.0639109
2.17178e-10	-0.0646224
2.17356e-10	-0.065337
2.17534e-10	-0.0660547
2.17712e-10	-0.0667756
2.1789e-10	-0.0674997
2.18067e-10	-0.0682269
2.18245e-10	-0.0689572
2.18423e-10	-0.0696907
2.18601e-10	-0.0704273
2.18779e-10	-0.071167
2.18957e-10	-0.0719098
2.19135e-10	-0.0726558
2.19313e-10	-0.0734049
2.1949e-10	-0.0741571
2.19668e-10	-0.0749124
2.19846e-10	-0.0756708
2.20024e-10	-0.0764323
2.20202e-10	-0.0771969
2.2038e-10	-0.0779646
2.20558e-10	-0.0787353
2.20735e-10	-0.0795091
2.20913e-10	-0.080286
2.21091e-10	-0.081066
2.21269e-10	-0.081849
2.21447e-10	-0.0826351
2.21625e-10	-0.0834242
2.21803e-10	-0.0842164
2.21981e-10	-0.0850115
2.22158e-10	-0.0858097
2.22336e-10	-0.086611
2.22514e-10	-0.0874152
2.22692e-10	-0.0882225
2.2287e-10	-0.0890327
2.23048e-10	-0.0898459
2.23226e-10	-0.0906621
2.23404e-10	-0.0914813
2.23581e-10	-0.0923035
2.23759e-10	-0.0931286
2.23937e-10	-0.0939566
2.24115e-10	-0.0947876
2.24293e-10	-0.0956215
2.24471e-10	-0.0964584
2.24649e-10	-0.0972982
2.24826e-10	-0.0981408
2.25004e-10	-0.0989864
2.25182e-10	-0.0998349
2.2536e-10	-0.100686
2.25538e-10	-0.10154
2.25716e-10	-0.102397
2.25894e-10	-0.103257
2.26072e-10	-0.10412
2.26249e-10	-0.104986
2.26427e-10	-0.105854
2.26605e-10	-0.106725
2.26783e-10	-0.107599
2.26961e-10	-0.108476
2.27139e-10	-0.109356
2.27317e-10	-0.110238
2.27494e-10	-0.111123
2.27672e-10	-0.112011
2.2785e-10	-0.112901
2.28028e-10	-0.113795
2.28206e-10	-0.114691
2.28384e-10	-0.115589
2.28562e-10	-0.116491
2.2874e-10	-0.117395
2.28917e-10	-0.118301
2.29095e-10	-0.119211
2.29273e-10	-0.120123
2.29451e-10	-0.121037
2.29629e-10	-0.121954
2.29807e-10	-0.122874
2.29985e-10	-0.123796
2.30163e-10	-0.124721
2.3034e-10	-0.125649
2.30518e-10	-0.126579
2.30696e-10	-0.127511
2.30874e-10	-0.128446
2.31052e-10	-0.129383
2.3123e-10	-0.130323
2.31408e-10	-0.131266
2.31585e-10	-0.132211
2.31763e-10	-0.133158
2.31941e-10	-0.134108
2.32119e-10	-0.13506
2.32297e-10	-0.136014
2.32475e-10	-0.136971
2.32653e-10	-0.13793
2.32831e-10	-0.138892
2.33008e-10	-0.139855
2.33186e-10	-0.140822
2.33364e-10	-0.14179
2.33542e-10	-0.142761
2.3372e-10	-0.143734
2.33898e-10	-0.144709
2.34076e-10	-0.145686
2.34254e-10	-0.146666
2.34431e-10	-0.147647
2.34609e-10	-0.148631
2.34787e-10	-0.149617
2.34965e-10	-0.150606
2.35143e-10	-0.151596
2.35321e-10	-0.152588
2.35499e-10	-0.153583
2.35676e-10	-0.154579
2.35854e-10	-0.155577
2.36032e-10	-0.156578
2.3621e-10	-0.15758
2.36388e-10	-0.158585
2.36566e-10	-0.159591
2.36744e-10	-0.1606
2.36922e-10	-0.16161
2.37099e-10	-0.162622
2.37277e-10	-0.163636
2.37455e-10	-0.164652
2.37633e-10	-0.165669
2.37811e-10	-0.166689
2.37989e-10	-0.16771
2.38167e-10	-0.168733
2.38345e-10	-0.169758
2.38522e-10	-0.170784
2.387e-10	-0.171812
2.38878e-10	-0.172842
2.39056e-10	-0.173874
2.39234e-10	-0.174907
2.39412e-10	-0.175941
2.3959e-10	-0.176978
2.39767e-10	-0.178016
2.39945e-10	-0.179055
2.40123e-10	-0.180096
2.40301e-10	-0.181138
2.40479e-10	-0.182182
2.40657e-10	-0.183227
2.40835e-10	-0.184274
2.41013e-10	-0.185322
2.4119e-10	-0.186371
2.41368e-10	-0.187422
2.41546e-10	-0.188474
2.41724e-10	-0.189527
2.41902e-10	-0.190582
2.4208e-10	-0.191638
2.42258e-10	-0.192695
2.42435e-10	-0.193753
2.42613e-10	-0.194812
2.42791e-10	-0.195873
2.42969e-10	-0.196935
2.43147e-10	-0.197997
2.43325e-10	-0.199061
2.43503e-10	-0.200126
2.43681e-10	-0.201192
2.43858e-10	-0.202258
2.44036e-10	-0.203326
2.44214e-10	-0.204395
2.44392e-10	-0.205464
2.4457e-10	-0.206535
2.44748e-10	-0.207606
2.44926e-10	-0.208678
2.45104e-10	-0.209751
2.45281e-10	-0.210824
2.45459e-10	-0.211898
2.45637e-10	-0.212973
2.45815e-10	-0.214049
2.45993e-10	-0.215125
2.46171e-10	-0.216202
2.46349e-10	-0.21728
2.46526e-10	-0.218357
2.46704e-10	-0.219436
2.46882e-10	-0.220515
2.4706e-10	-0.221594
2.47238e-10	-0.222674
2.47416e-10	-0.223754
2.47594e-10	-0.224835
2.47772e-10	-0.225916
2.47949e-10	-0.226997
2.48127e-10	-0.228078
2.48305e-10	-0.22916
2.48483e-10	-0.230242
2.48661e-10	-0.231324
2.48839e-10	-0.232406
2.49017e-10	-0.233489
2.49195e-10	-0.234571
2.49372e-10	-0.235653
2.4955e-10	-0.236736
2.49728e-10	-0.237818
2.49906e-10	-0.238901
2.50084e-10	-0.239983
2.50262e-10	-0.241065
2.5044e-10	-0.242147
2.50617e-10	-0.243229
2.50795e-10	-0.24431
2.50973e-10	-0.245392
2.51151e-10	-0.246473
2.51329e-10	-0.247553
2.51507e-10	-0.248634
2.51685e-10	-0.249713
2.51863e-10	-0.250793
2.5204e-10	-0.251872
2.52218e-10	-0.25295
2.52396e-10	-0.254028
2.52574e-10	-0.255106
2.52752e-10	-0.256183
2.5293e-10	-0.257259
2.53108e-10	-0.258334
2.53285e-10	-0.259409
2.53463e-10	-0.260483
2.53641e-10	-0.261556
2.53819e-10	-0.262629
2.53997e-10	-0.2637
2.54175e-10	-0.264771
2.54353e-10	-0.265841
2.54531e-10	-0.266909
2.54708e-10	-0.267977
2.54886e-10	-0.269044
2.55064e-10	-0.27011
2.55242e-10	-0.271174
2.5542e-10	-0.272237
2.55598e-10	-0.2733
2.55776e-10	-0.27436
2.55954e-10	-0.27542
2.56131e-10	-0.276478
2.56309e-10	-0.277535
2.56487e-10	-0.278591
2.56665e-10	-0.279645
2.56843e-10	-0.280698
2.57021e-10	-0.281749
2.57199e-10	-0.282799
2.57376e-10	-0.283847
2.57554e-10	-0.284893
2.57732e-10	-0.285938
2.5791e-10	-0.286981
2.58088e-10	-0.288023
2.58266e-10	-0.289062
2.58444e-10	-0.2901
2.58622e-10	-0.291136
2.58799e-10	-0.29217
2.58977e-10	-0.293202
2.59155e-10	-0.294232
2.59333e-10	-0.29526
2.59511e-10	-0.296286
2.59689e-10	-0.29731
2.59867e-10	-0.298332
2.60045e-10	-0.299352
2.60222e-10	-0.300369
2.604e-10	-0.301384
2.60578e-10	-0.302397
2.60756e-10	-0.303408
2.60934e-10	-0.304416
2.61112e-10	-0.305421
2.6129e-10	-0.306424
2.61467e-10	-0.307425
2.61645e-10	-0.308423
2.61823e-10	-0.309419
2.62001e-10	-0.310412
2.62179e-10	-0.311402
2.62357e-10	-0.312389
2.62535e-10	-0.313374
2.62713e-10	-0.314356
2.6289e-10	-0.315335
2.63068e-10	-0.316311
2.63246e-10	-0.317284
2.63424e-10	-0.318255
2.63602e-10	-0.319222
2.6378e-10	-0.320186
2.63958e-10	-0.321147
2.64136e-10	-0.322105
2.64313e-10	-0.323059
2.64491e-10	-0.324011
2.64669e-10	-0.324959
2.64847e-10	-0.325904
2.65025e-10	-0.326845
2.65203e-10	-0.327783
2.65381e-10	-0.328718
2.65558e-10	-0.329649
2.65736e-10	-0.330576
2.65914e-10	-0.3315
2.66092e-10	-0.332421
2.6627e-10	-0.333337
2.66448e-10	-0.33425
2.66626e-10	-0.335159
2.66804e-10	-0.336065
2.66981e-10	-0.336966
2.67159e-10	-0.337864
2.67337e-10	-0.338757
2.67515e-10	-0.339647
2.67693e-10	-0.340533
2.67871e-10	-0.341414
2.68049e-10	-0.342292
2.68226e-10	-0.343165
2.68404e-10	-0.344034
2.68582e-10	-0.344898
2.6876e-10	-0.345759
2.68938e-10	-0.346615
2.69116e-10	-0.347467
2.69294e-10	-0.348314
2.69472e-10	-0.349157
2.69649e-10	-0.349995
2.69827e-10	-0.350829
2.70005e-10	-0.351658
2.70183e-10	-0.352482
2.70361e-10	-0.353302
2.70539e-10	-0.354117
2.70717e-10	-0.354927
2.70895e-10	-0.355732
2.71072e-10	-0.356532
2.7125e-10	-0.357328
2.71428e-10	-0.358118
2.71606e-10	-0.358904
2.71784e-10	-0.359684
2.71962e-10	-0.360459
2.7214e-10	-0.361229
2.72317e-10	-0.361994
2.72495e-10	-0.362754
2.72673e-10	-0.363508
2.72851e-10	-0.364257
2.73029e-10	-0.365
2.73207e-10	-0.365738
2.73385e-10	-0.366471
2.73563e-10	-0.367198
2.7374e-10	-0.36792
2.73918e-10	-0.368635
2.74096e-10	-0.369346
2.74274e-10	-0.37005
2.74452e-10	-0.370749
2.7463e-10	-0.371442
2.74808e-10	-0.372129
2.74986e-10	-0.37281
2.75163e-10	-0.373485
2.75341e-10	-0.374154
2.75519e-10	-0.374817
2.75697e-10	-0.375474
2.75875e-10	-0.376125
2.76053e-10	-0.37677
2.76231e-10	-0.377409
2.76408e-10	-0.378041
2.76586e-10	-0.378667
2.76764e-10	-0.379286
2.76942e-10	-0.3799
2.7712e-10	-0.380506
2.77298e-10	-0.381107
2.77476e-10	-0.3817
2.77654e-10	-0.382288
2.77831e-10	-0.382868
2.78009e-10	-0.383442
2.78187e-10	-0.384009
2.78365e-10	-0.384569
2.78543e-10	-0.385123
2.78721e-10	-0.38567
2.78899e-10	-0.386209
2.79077e-10	-0.386742
2.79254e-10	-0.387268
2.79432e-10	-0.387787
2.7961e-10	-0.388298
2.79788e-10	-0.388803
2.79966e-10	-0.3893
2.80144e-10	-0.389791
2.80322e-10	-0.390274
2.80499e-10	-0.390749
2.80677e-10	-0.391217
2.80855e-10	-0.391678
2.81033e-10	-0.392132
2.81211e-10	-0.392578
2.81389e-10	-0.393016
2.81567e-10	-0.393447
2.81745e-10	-0.39387
2.81922e-10	-0.394286
2.821e-10	-0.394694
2.82278e-10	-0.395094
2.82456e-10	-0.395486
2.82634e-10	-0.395871
2.82812e-10	-0.396247
2.8299e-10	-0.396616
2.83167e-10	-0.396977
2.83345e-10	-0.397329
2.83523e-10	-0.397674
2.83701e-10	-0.398011
2.83879e-10	-0.398339
2.84057e-10	-0.398659
2.84235e-10	-0.398971
2.84413e-10	-0.399275
2.8459e-10	-0.399571
2.84768e-10	-0.399858
2.84946e-10	-0.400136
2.85124e-10	-0.400407
2.85302e-10	-0.400668
2.8548e-10	-0.400922
2.85658e-10	-0.401166
2.85836e-10	-0.401402
2.86013e-10	-0.40163
2.86191e-10	-0.401849
2.86369e-10	-0.402059
2.86547e-10	-0.40226
2.86725e-10	-0.402452
2.86903e-10	-0.402636
2.87081e-10	-0.402811
2.87258e-10	-0.402976
2.87436e-10	-0.403133
2.87614e-10	-0.403281
2.87792e-10	-0.40342
2.8797e-10	-0.403549
2.88148e-10	-0.40367
2.88326e-10	-0.403781
2.88504e-10	-0.403883
2.88681e-10	-0.403976
2.88859e-10	-0.404059
2.89037e-10	-0.404134
2.89215e-10	-0.404198
2.89393e-10	-0.404254
2.89571e-10	-0.4043
2.89749e-10	-0.404336
2.89927e-10	-0.404363
2.90104e-10	-0.404381
2.90282e-10	-0.404388
2.9046e-10	-0.404387
2.90638e-10	-0.404375
2.90816e-10	-0.404354
2.90994e-10	-0.404323
2.91172e-10	-0.404282
2.91349e-10	-0.404231
2.91527e-10	-0.404171
2.91705e-10	-0.404101
2.91883e-10	-0.40402
2.92061e-10	-0.40393
2.92239e-10	-0.40383
2.92417e-10	-0.403719
2.92595e-10	-0.403599
2.92772e-10	-0.403468
2.9295e-10	-0.403328
2.93128e-10	-0.403177
2.93306e-10	-0.403016
2.93484e-10	-0.402844
2.93662e-10	-0.402663
2.9384e-10	-0.402471
2.94018e-10	-0.402269
2.94195e-10	-0.402056
2.94373e-10	-0.401833
2.94551e-10	-0.401599
2.94729e-10	-0.401355
2.94907e-10	-0.401101
2.95085e-10	-0.400836
2.95263e-10	-0.40056
2.9544e-10	-0.400274
2.95618e-10	-0.399977
2.95796e-10	-0.399669
2.95974e-10	-0.399351
2.96152e-10	-0.399021
2.9633e-10	-0.398682
2.96508e-10	-0.398331
2.96686e-10	-0.397969
2.96863e-10	-0.397597
2.97041e-10	-0.397214
2.97219e-10	-0.39682
2.97397e-10	-0.396414
2.97575e-10	-0.395998
2.97753e-10	-0.395571
2.97931e-10	-0.395133
2.98108e-10	-0.394684
2.98286e-10	-0.394223
2.98464e-10	-0.393752
2.98642e-10	-0.393269
2.9882e-10	-0.392776
2.98998e-10	-0.392271
2.99176e-10	-0.391754
2.99354e-10	-0.391227
2.99531e-10	-0.390688
2.99709e-10	-0.390138
2.99887e-10	-0.389577
3.00065e-10	-0.389004
3.00243e-10	-0.38842
3.00421e-10	-0.387824
3.00599e-10	-0.387217
3.00777e-10	-0.386599
3.00954e-10	-0.385969
3.01132e-10	-0.385327
3.0131e-10	-0.384674
3.01488e-10	-0.38401
3.01666e-10	-0.383334
3.01844e-10	-0.382646
3.02022e-10	-0.381947
3.02199e-10	-0.381236
3.02377e-10	-0.380513
3.02555e-10	-0.379779
3.02733e-10	-0.379033
3.02911e-10	-0.378275
3.03089e-10	-0.377506
3.03267e-10	-0.376725
3.03445e-10	-0.375932
3.03622e-10	-0.375127
3.038e-10	-0.37431
3.03978e-10	-0.373482
3.04156e-10	-0.372642
3.04334e-10	-0.37179
3.04512e-10	-0.370925
3.0469e-10	-0.37005
3.04868e-10	-0.369162
3.05045e-10	-0.368262
3.05223e-10	-0.36735
3.05401e-10	-0.366426
3.05579e-10	-0.365491
3.05757e-10	-0.364543
3.05935e-10	-0.363583
3.06113e-10	-0.362611
3.0629e-10	-0.361627
3.06468e-10	-0.360632
3.06646e-10	-0.359624
3.06824e-10	-0.358604
3.07002e-10	-0.357571
3.0718e-10	-0.356527
3.07358e-10	-0.355471
3.07536e-10	-0.354402
3.07713e-10	-0.353322
3.07891e-10	-0.352229
3.08069e-10	-0.351124
3.08247e-10	-0.350007
3.08425e-10	-0.348877
3.08603e-10	-0.347736
3.08781e-10	-0.346582
3.08959e-10	-0.345416
3.09136e-10	-0.344238
3.09314e-10	-0.343047
3.09492e-10	-0.341845
3.0967e-10	-0.34063
3.09848e-10	-0.339403
3.10026e-10	-0.338163
3.10204e-10	-0.336911
3.10381e-10	-0.335648
3.10559e-10	-0.334371
3.10737e-10	-0.333083
3.10915e-10	-0.331782
3.11093e-10	-0.330469
3.11271e-10	-0.329143
3.11449e-10	-0.327806
3.11627e-10	-0.326456
3.11804e-10	-0.325093
3.11982e-10	-0.323719
3.1216e-10	-0.322332
3.12338e-10	-0.320933
3.12516e-10	-0.319521
3.12694e-10	-0.318097
3.12872e-10	-0.316661
3.13049e-10	-0.315213
3.13227e-10	-0.313752
3.13405e-10	-0.312279
3.13583e-10	-0.310794
3.13761e-10	-0.309296
3.13939e-10	-0.307786
3.14117e-10	-0.306264
3.14295e-10	-0.304729
3.14472e-10	-0.303182
3.1465e-10	-0.301623
3.14828e-10	-0.300051
3.15006e-10	-0.298468
3.15184e-10	-0.296872
3.15362e-10	-0.295263
3.1554e-10	-0.293643
3.15718e-10	-0.29201
3.15895e-10	-0.290365
3.16073e-10	-0.288707
3.16251e-10	-0.287038
3.16429e-10	-0.285356
3.16607e-10	-0.283662
3.16785e-10	-0.281956
3.16963e-10	-0.280237
3.1714e-10	-0.278506
3.17318e-10	-0.276764
3.17496e-10	-0.275009
3.17674e-10	-0.273241
3.17852e-10	-0.271462
3.1803e-10	-0.269671
3.18208e-10	-0.267867
3.18386e-10	-0.266051
3.18563e-10	-0.264223
3.18741e-10	-0.262383
3.18919e-10	-0.260531
3.19097e-10	-0.258667
3.19275e-10	-0.256791
3.19453e-10	-0.254903
3.19631e-10	-0.253003
3.19809e-10	-0.25109
3.19986e-10	-0.249166
3.20164e-10	-0.24723
3.20342e-10	-0.245282
3.2052e-10	-0.243322
3.20698e-10	-0.24135
3.20876e-10	-0.239366
3.21054e-10	-0.23737
3.21231e-10	-0.235363
3.21409e-10	-0.233343
3.21587e-10	-0.231312
3.21765e-10	-0.229269
3.21943e-10	-0.227214
3.22121e-10	-0.225147
3.22299e-10	-0.223069
3.22477e-10	-0.220979
3.22654e-10	-0.218877
3.22832e-10	-0.216763
3.2301e-10	-0.214638
3.23188e-10	-0.212502
3.23366e-10	-0.210353
3.23544e-10	-0.208193
3.23722e-10	-0.206022
3.239e-10	-0.203839
3.24077e-10	-0.201644
3.24255e-10	-0.199438
3.24433e-10	-0.197221
3.24611e-10	-0.194992
3.24789e-10	-0.192752
3.24967e-10	-0.1905
3.25145e-10	-0.188238
3.25322e-10	-0.185963
3.255e-10	-0.183678
3.25678e-10	-0.181381
3.25856e-10	-0.179073
3.26034e-10	-0.176754
3.26212e-10	-0.174424
3.2639e-10	-0.172083
3.26568e-10	-0.16973
3.26745e-10	-0.167367
3.26923e-10	-0.164992
3.27101e-10	-0.162607
3.27279e-10	-0.16021
3.27457e-10	-0.157803
3.27635e-10	-0.155385
3.27813e-10	-0.152955
3.2799e-10	-0.150515
3.28168e-10	-0.148065
3.28346e-10	-0.145603
3.28524e-10	-0.143131
3.28702e-10	-0.140648
3.2888e-10	-0.138155
3.29058e-10	-0.135651
3.29236e-10	-0.133136
3.29413e-10	-0.130611
3.29591e-10	-0.128076
3.29769e-10	-0.12553
3.29947e-10	-0.122974
3.30125e-10	-0.120407
3.30303e-10	-0.11783
3.30481e-10	-0.115243
3.30659e-10	-0.112645
3.30836e-10	-0.110037
3.31014e-10	-0.10742
3.31192e-10	-0.104792
3.3137e-10	-0.102154
3.31548e-10	-0.0995057
3.31726e-10	-0.0968478
3.31904e-10	-0.09418
3.32081e-10	-0.0915022
3.32259e-10	-0.0888147
3.32437e-10	-0.0861174
3.32615e-10	-0.0834103
3.32793e-10	-0.0806936
3.32971e-10	-0.0779672
3.33149e-10	-0.0752312
3.33327e-10	-0.0724857
3.33504e-10	-0.0697307
3.33682e-10	-0.0669663
3.3386e-10	-0.0641925
3.34038e-10	-0.0614093
3.34216e-10	-0.0586168
3.34394e-10	-0.0558151
3.34572e-10	-0.0530042
3.3475e-10	-0.0501842
3.34927e-10	-0.047355
3.35105e-10	-0.0445169
3.35283e-10	-0.0416697
3.35461e-10	-0.0388137
3.35639e-10	-0.0359487
3.35817e-10	-0.033075
3.35995e-10	-0.0301925
3.36172e-10	-0.0273012
3.3635e-10	-0.0244014
3.36528e-10	-0.0214929
3.36706e-10	-0.0185758
3.36884e-10	-0.0156503
3.37062e-10	-0.0127164
3.3724e-10	-0.00977409
3.37418e-10	-0.00682346
3.37595e-10	-0.00386459
3.37773e-10	-0.00089751
3.37951e-10	0.0020777
3.38129e-10	0.005061
3.38307e-10	0.00805231
3.38485e-10	0.0110516
3.38663e-10	0.0140588
3.38841e-10	0.0170738
3.39018e-10	0.0200965
3.39196e-10	0.023127
3.39374e-10	0.0261652
3.39552e-10	0.0292109
3.3973e-10	0.0322642
3.39908e-10	0.0353249
3.40086e-10	0.0383931
3.40263e-10	0.0414686
3.40441e-10	0.0445513
3.40619e-10	0.0476413
3.40797e-10	0.0507384
3.40975e-10	0.0538426
3.41153e-10	0.0569538
3.41331e-10	0.0600719
3.41509e-10	0.0631969
3.41686e-10	0.0663288
3.41864e-10	0.0694674
3.42042e-10	0.0726127
3.4222e-10	0.0757645
3.42398e-10	0.078923
3.42576e-10	0.0820879
3.42754e-10	0.0852592
3.42931e-10	0.0884368
3.43109e-10	0.0916208
3.43287e-10	0.0948109
3.43465e-10	0.0980071
3.43643e-10	0.101209
3.43821e-10	0.104418
3.43999e-10	0.107632
3.44177e-10	0.110852
3.44354e-10	0.114078
3.44532e-10	0.117309
3.4471e-10	0.120547
3.44888e-10	0.123789
3.45066e-10	0.127037
3.45244e-10	0.130291
3.45422e-10	0.13355
3.456e-10	0.136814
3.45777e-10	0.140084
3.45955e-10	0.143358
3.46133e-10	0.146638
3.46311e-10	0.149922
3.46489e-10	0.153212
3.46667e-10	0.156506
3.46845e-10	0.159805
3.47022e-10	0.163109
3.472e-10	0.166417
3.47378e-10	0.16973
3.47556e-10	0.173047
3.47734e-10	0.176368
3.47912e-10	0.179694
3.4809e-10	0.183024
3.48268e-10	0.186358
3.48445e-10	0.189696
3.48623e-10	0.193038
3.48801e-10	0.196384
3.48979e-10	0.199734
3.49157e-10	0.203088
3.49335e-10	0.206445
3.49513e-10	0.209805
3.49691e-10	0.21317
3.49868e-10	0.216537
3.50046e-10	0.219908
3.50224e-10	0.223282
3.50402e-10	0.22666
3.5058e-10	0.23004
3.50758e-10	0.233423
3.50936e-10	0.23681
3.51113e-10	0.240199
3.51291e-10	0.243591
3.51469e-10	0.246985
3.51647e-10	0.250382
3.51825e-10	0.253782
3.52003e-10	0.257184
3.52181e-10	0.260588
3.52359e-10	0.263995
3.52536e-10	0.267404
3.52714e-10	0.270815
3.52892e-10	0.274228
3.5307e-10	0.277642
3.53248e-10	0.281059
3.53426e-10	0.284477
3.53604e-10	0.287897
3.53782e-10	0.291319
3.53959e-10	0.294742
3.54137e-10	0.298166
3.54315e-10	0.301592
3.54493e-10	0.305019
3.54671e-10	0.308447
3.54849e-10	0.311876
3.55027e-10	0.315306
3.55204e-10	0.318737
3.55382e-10	0.322169
3.5556e-10	0.325602
3.55738e-10	0.329035
3.55916e-10	0.332469
3.56094e-10	0.335903
3.56272e-10	0.339337
3.5645e-10	0.342772
3.56627e-10	0.346207
3.56805e-10	0.349642
3.56983e-10	0.353077
3.57161e-10	0.356511
3.57339e-10	0.359946
3.57517e-10	0.36338
3.57695e-10	0.366815
3.57872e-10	0.370248
3.5805e-10	0.373681
3.58228e-10	0.377114
3.58406e-10	0.380545
3.58584e-10	0.383976
3.58762e-10	0.387406
3.5894e-10	0.390835
3.59118e-10	0.394263
3.59295e-10	0.39769
3.59473e-10	0.401116
3.59651e-10	0.40454
3.59829e-10	0.407963
3.60007e-10	0.411384
3.60185e-10	0.414804
3.60363e-10	0.418221
3.60541e-10	0.421638
3.60718e-10	0.425052
3.60896e-10	0.428464
3.61074e-10	0.431874
3.61252e-10	0.435282
3.6143e-10	0.438688
3.61608e-10	0.442091
3.61786e-10	0.445492
3.61963e-10	0.448891
3.62141e-10	0.452287
3.62319e-10	0.45568
3.62497e-10	0.45907
3.62675e-10	0.462458
3.62853e-10	0.465842
3.63031e-10	0.469223
3.63209e-10	0.472602
3.63386e-10	0.475976
3.63564e-10	0.479348
3.63742e-10	0.482716
3.6392e-10	0.486081
3.64098e-10	0.489442
3.64276e-10	0.492799
3.64454e-10	0.496152
3.64632e-10	0.499502
3.64809e-10	0.502848
3.64987e-10	0.506189
3.65165e-10	0.509526
3.65343e-10	0.512859
3.65521e-10	0.516188
3.65699e-10	0.519512
3.65877e-10	0.522832
3.66054e-10	0.526147
3.66232e-10	0.529457
3.6641e-10	0.532763
3.66588e-10	0.536063
3.66766e-10	0.539359
3.66944e-10	0.542649
3.67122e-10	0.545935
3.673e-10	0.549215
3.67477e-10	0.552489
3.67655e-10	0.555759
3.67833e-10	0.559022
3.68011e-10	0.56228
3.68189e-10	0.565533
3.68367e-10	0.568779
3.68545e-10	0.57202
3.68723e-10	0.575254
3.689e-10	0.578483
3.69078e-10	0.581705
3.69256e-10	0.584921
3.69434e-10	0.58813
3.69612e-10	0.591334
3.6979e-10	0.59453
3.69968e-10	0.59772
3.70145e-10	0.600903
3.70323e-10	0.60408
3.70501e-10	0.607249
3.70679e-10	0.610412
3.70857e-10	0.613567
3.71035e-10	0.616716
3.71213e-10	0.619857
3.71391e-10	0.62299
3.71568e-10	0.626116
3.71746e-10	0.629235
3.71924e-10	0.632346
3.72102e-10	0.635449
3.7228e-10	0.638545
3.72458e-10	0.641633
3.72636e-10	0.644712
3.72813e-10	0.647784
3.72991e-10	0.650847
3.73169e-10	0.653902
3.73347e-10	0.656949
3.73525e-10	0.659988
3.73703e-10	0.663018
3.73881e-10	0.666039
3.74059e-10	0.669052
3.74236e-10	0.672055
3.74414e-10	0.675051
3.74592e-10	0.678037
3.7477e-10	0.681014
3.74948e-10	0.683982
3.75126e-10	0.68694
3.75304e-10	0.68989
3.75482e-10	0.69283
3.75659e-10	0.695761
3.75837e-10	0.698682
3.76015e-10	0.701593
3.76193e-10	0.704495
3.76371e-10	0.707387
3.76549e-10	0.710269
3.76727e-10	0.713141
3.76904e-10	0.716003
3.77082e-10	0.718855
3.7726e-10	0.721697
3.77438e-10	0.724529
3.77616e-10	0.72735
3.77794e-10	0.73016
3.77972e-10	0.73296
3.7815e-10	0.73575
3.78327e-10	0.738529
3.78505e-10	0.741297
3.78683e-10	0.744054
3.78861e-10	0.7468
3.79039e-10	0.749535
3.79217e-10	0.752259
3.79395e-10	0.754972
3.79573e-10	0.757673
3.7975e-10	0.760363
3.79928e-10	0.763042
3.80106e-10	0.765709
3.80284e-10	0.768365
3.80462e-10	0.771009
3.8064e-10	0.773641
3.80818e-10	0.776262
3.80995e-10	0.77887
3.81173e-10	0.781467
3.81351e-10	0.784051
3.81529e-10	0.786623
3.81707e-10	0.789183
3.81885e-10	0.791731
3.82063e-10	0.794267
3.82241e-10	0.79679
3.82418e-10	0.7993
3.82596e-10	0.801798
3.82774e-10	0.804283
3.82952e-10	0.806756
3.8313e-10	0.809216
3.83308e-10	0.811662
3.83486e-10	0.814096
3.83663e-10	0.816517
3.83841e-10	0.818925
3.84019e-10	0.821319
3.84197e-10	0.823701
3.84375e-10	0.826069
3.84553e-10	0.828423
3.84731e-10	0.830765
3.84909e-10	0.833092
3.85086e-10	0.835406
3.85264e-10	0.837707
3.85442e-10	0.839993
3.8562e-10	0.842266
3.85798e-10	0.844525
3.85976e-10	0.84677
3.86154e-10	0.849001
3.86332e-10	0.851218
3.86509e-10	0.85342
3.86687e-10	0.855609
3.86865e-10	0.857783
3.87043e-10	0.859943
3.87221e-10	0.862089
3.87399e-10	0.86422
3.87577e-10	0.866336
3.87754e-10	0.868438
3.87932e-10	0.870525
3.8811e-10	0.872598
3.88288e-10	0.874656
3.88466e-10	0.876698
3.88644e-10	0.878726
3.88822e-10	0.880739
3.89e-10	0.882737
3.89177e-10	0.88472
3.89355e-10	0.886688
3.89533e-10	0.88864
3.89711e-10	0.890578
3.89889e-10	0.892499
3.90067e-10	0.894406
3.90245e-10	0.896297
3.90423e-10	0.898172
3.906e-10	0.900032
3.90778e-10	0.901877
3.90956e-10	0.903705
3.91134e-10	0.905518
3.91312e-10	0.907315
3.9149e-10	0.909096
3.91668e-10	0.910862
3.91845e-10	0.912611
3.92023e-10	0.914344
3.92201e-10	0.916062
3.92379e-10	0.917763
3.92557e-10	0.919448
3.92735e-10	0.921117
3.92913e-10	0.922769
3.93091e-10	0.924406
3.93268e-10	0.926026
3.93446e-10	0.927629
3.93624e-10	0.929216
3.93802e-10	0.930786
3.9398e-10	0.93234
3.94158e-10	0.933878
3.94336e-10	0.935398
3.94514e-10	0.936902
3.94691e-10	0.938389
3.94869e-10	0.93986
3.95047e-10	0.941313
3.95225e-10	0.94275
3.95403e-10	0.94417
3.95581e-10	0.945572
3.95759e-10	0.946958
3.95936e-10	0.948327
3.96114e-10	0.949678
3.96292e-10	0.951013
3.9647e-10	0.95233
3.96648e-10	0.95363
3.96826e-10	0.954913
3.97004e-10	0.956178
3.97182e-10	0.957426
3.97359e-10	0.958657
3.97537e-10	0.95987
3.97715e-10	0.961066
3.97893e-10	0.962244
3.98071e-10	0.963405
3.98249e-10	0.964548
3.98427e-10	0.965674
3.98604e-10	0.966782
3.98782e-10	0.967872
3.9896e-10	0.968945
3.99138e-10	0.97
3.99316e-10	0.971037
3.99494e-10	0.972056
3.99672e-10	0.973058
3.9985e-10	0.974041
4.00027e-10	0.975007
4.00205e-10	0.975955
4.00383e-10	0.976885
4.00561e-10	0.977797
4.00739e-10	0.97869
4.00917e-10	0.979566
4.01095e-10	0.980424
4.01273e-10	0.981264
4.0145e-10	0.982085
4.01628e-10	0.982888
4.01806e-10	0.983674
4.01984e-10	0.984441
4.02162e-10	0.985189
4.0234e-10	0.98592
4.02518e-10	0.986632
4.02695e-10	0.987326
4.02873e-10	0.988002
4.03051e-10	0.988659
4.03229e-10	0.989298
4.03407e-10	0.989919
4.03585e-10	0.990521
4.03763e-10	0.991105
4.03941e-10	0.99167
4.04118e-10	0.992217
4.04296e-10	0.992746
4.04474e-10	0.993256
4.04652e-10	0.993748
4.0483e-10	0.994221
4.05008e-10	0.994675
4.05186e-10	0.995111
4.05364e-10	0.995529
4.05541e-10	0.995928
4.05719e-10	0.996308
4.05897e-10	0.99667
4.06075e-10	0.997013
4.06253e-10	0.997337
4.06431e-10	0.997643
4.06609e-10	0.997931
4.06786e-10	0.998199
4.06964e-10	0.998449
4.07142e-10	0.998681
4.0732e-10	0.998893
4.07498e-10	0.999087
4.07676e-10	0.999263
4.07854e-10	0.999419
4.08032e-10	0.999557
4.08209e-10	0.999677
4.08387e-10	0.999777
4.08565e-10	0.999859
4.08743e-10	0.999922
4.08921e-10	0.999967
4.09099e-10	0.999993
4.09277e-10	1
4.09455e-10	0.999988
4.09632e-10	0.999958
4.0981e-10	0.999909
4.09988e-10	0.999841
4.10166e-10	0.999755
4.10344e-10	0.99965
4.10522e-10	0.999526
4.107e-10	0.999384
4.10877e-10	0.999223
4.11055e-10	0.999043
4.11233e-10	0.998845
4.11411e-10	0.998627
4.11589e-10	0.998392
4.11767e-10	0.998137
4.11945e-10	0.997864
4.12123e-10	0.997572
4.123e-10	0.997262
4.12478e-10	0.996933
4.12656e-10	0.996586
4.12834e-10	0.996219
4.13012e-10	0.995835
4.1319e-10	0.995431
4.13368e-10	0.99501
4.13545e-10	0.994569
4.13723e-10	0.99411
4.13901e-10	0.993633
4.14079e-10	0.993137
4.14257e-10	0.992622
4.14435e-10	0.99209
4.14613e-10	0.991538
4.14791e-10	0.990968
4.14968e-10	0.99038
4.15146e-10	0.989774
4.15324e-10	0.989149
4.15502e-10	0.988505
4.1568e-10	0.987844
4.15858e-10	0.987163
4.16036e-10	0.986465
4.16214e-10	0.985749
4.16391e-10	0.985014
4.16569e-10	0.984261
4.16747e-10	0.983489
4.16925e-10	0.9827
4.17103e-10	0.981892
4.17281e-10	0.981066
4.17459e-10	0.980222
4.17636e-10	0.97936
4.17814e-10	0.97848
4.17992e-10	0.977582
4.1817e-10	0.976666
4.18348e-10	0.975732
4.18526e-10	0.97478
4.18704e-10	0.97381
4.18882e-10	0.972822
4.19059e-10	0.971816
4.19237e-10	0.970793
4.19415e-10	0.969752
4.19593e-10	0.968692
4.19771e-10	0.967616
4.19949e-10	0.966521
4.20127e-10	0.965409
4.20305e-10	0.964279
4.20482e-10	0.963132
4.2066e-10	0.961967
4.20838e-10	0.960784
4.21016e-10	0.959584
4.21194e-10	0.958367
4.21372e-10	0.957132
4.2155e-10	0.95588
4.21727e-10	0.95461
4.21905e-10	0.953324
4.22083e-10	0.952019
4.22261e-10	0.950698
4.22439e-10	0.94936
4.22617e-10	0.948004
4.22795e-10	0.946631
4.22973e-10	0.945242
4.2315e-10	0.943835
4.23328e-10	0.942411
4.23506e-10	0.94097
4.23684e-10	0.939513
4.23862e-10	0.938039
4.2404e-10	0.936547
4.24218e-10	0.93504
4.24396e-10	0.933515
4.24573e-10	0.931974
4.24751e-10	0.930416
4.24929e-10	0.928841
4.25107e-10	0.927251
4.25285e-10	0.925643
4.25463e-10	0.92402
4.25641e-10	0.922379
4.25818e-10	0.920723
4.25996e-10	0.91905
4.26174e-10	0.917361
4.26352e-10	0.915656
4.2653e-10	0.913935
4.26708e-10	0.912198
4.26886e-10	0.910445
4.27064e-10	0.908676
4.27241e-10	0.906891
4.27419e-10	0.90509
4.27597e-10	0.903273
4.27775e-10	0.901441
4.27953e-10	0.899593
4.28131e-10	0.897729
4.28309e-10	0.89585
4.28486e-10	0.893956
4.28664e-10	0.892045
4.28842e-10	0.89012
4.2902e-10	0.888179
4.29198e-10	0.886223
4.29376e-10	0.884252
4.29554e-10	0.882265
4.29732e-10	0.880264
4.29909e-10	0.878247
4.30087e-10	0.876216
4.30265e-10	0.874169
4.30443e-10	0.872108
4.30621e-10	0.870032
4.30799e-10	0.867941
4.30977e-10	0.865836
4.31155e-10	0.863716
4.31332e-10	0.861582
4.3151e-10	0.859433
4.31688e-10	0.857269
4.31866e-10	0.855092
4.32044e-10	0.8529
4.32222e-10	0.850694
4.324e-10	0.848473
4.32577e-10	0.846239
4.32755e-10	0.843991
4.32933e-10	0.841729
4.33111e-10	0.839453
4.33289e-10	0.837163
4.33467e-10	0.834859
4.33645e-10	0.832542
4.33823e-10	0.830211
4.34e-10	0.827867
4.34178e-10	0.825509
4.34356e-10	0.823138
4.34534e-10	0.820753
4.34712e-10	0.818356
4.3489e-10	0.815945
4.35068e-10	0.813521
4.35246e-10	0.811084
4.35423e-10	0.808634
4.35601e-10	0.806171
4.35779e-10	0.803696
4.35957e-10	0.801207
4.36135e-10	0.798707
4.36313e-10	0.796193
4.36491e-10	0.793667
4.36668e-10	0.791129
4.36846e-10	0.788578
4.37024e-10	0.786015
4.37202e-10	0.78344
4.3738e-10	0.780852
4.37558e-10	0.778253
4.37736e-10	0.775642
4.37914e-10	0.773019
4.38091e-10	0.770384
4.38269e-10	0.767737
4.38447e-10	0.765078
4.38625e-10	0.762408
4.38803e-10	0.759727
4.38981e-10	0.757034
4.39159e-10	0.75433
4.39337e-10	0.751615
4.39514e-10	0.748888
4.39692e-10	0.74615
4.3987e-10	0.743401
4.40048e-10	0.740642
4.40226e-10	0.737871
4.40404e-10	0.73509
4.40582e-10	0.732298
4.40759e-10	0.729495
4.40937e-10	0.726682
4.41115e-10	0.723859
4.41293e-10	0.721025
4.41471e-10	0.718181
4.41649e-10	0.715326
4.41827e-10	0.712462
4.42005e-10	0.709587
4.42182e-10	0.706703
4.4236e-10	0.703808
4.42538e-10	0.700904
4.42716e-10	0.697991
4.42894e-10	0.695067
4.43072e-10	0.692134
4.4325e-10	0.689192
4.43427e-10	0.68624
4.43605e-10	0.683279
4.43783e-10	0.680309
4.43961e-10	0.67733
4.44139e-10	0.674342
4.44317e-10	0.671345
4.44495e-10	0.668339
4.44673e-10	0.665324
4.4485e-10	0.6623
4.45028e-10	0.659268
4.45206e-10	0.656228
4.45384e-10	0.653179
4.45562e-10	0.650122
4.4574e-10	0.647057
4.45918e-10	0.643983
4.46096e-10	0.640902
4.46273e-10	0.637812
4.46451e-10	0.634715
4.46629e-10	0.63161
4.46807e-10	0.628497
4.46985e-10	0.625376
4.47163e-10	0.622248
4.47341e-10	0.619113
4.47518e-10	0.61597
4.47696e-10	0.61282
4.47874e-10	0.609663
4.48052e-10	0.606499
4.4823e-10	0.603328
4.48408e-10	0.60015
4.48586e-10	0.596965
4.48764e-10	0.593773
4.48941e-10	0.590575
4.49119e-10	0.587371
4.49297e-10	0.584159
4.49475e-10	0.580942
4.49653e-10	0.577718
4.49831e-10	0.574488
4.50009e-10	0.571252
4.50187e-10	0.56801
4.50364e-10	0.564763
4.50542e-10	0.561509
4.5072e-10	0.55825
4.50898e-10	0.554985
4.51076e-10	0.551714
4.51254e-10	0.548438
4.51432e-10	0.545157
4.51609e-10	0.54187
4.51787e-10	0.538579
4.51965e-10	0.535282
4.52143e-10	0.53198
4.52321e-10	0.528673
4.52499e-10	0.525362
4.52677e-10	0.522046
4.52855e-10	0.518725
4.53032e-10	0.5154
4.5321e-10	0.51207
4.53388e-10	0.508736
4.53566e-10	0.505398
4.53744e-10	0.502055
4.53922e-10	0.498709
4.541e-10	0.495358
4.54278e-10	0.492004
4.54455e-10	0.488646
4.54633e-10	0.485284
4.54811e-10	0.481918
4.54989e-10	0.47855
4.55167e-10	0.475177
4.55345e-10	0.471801
4.55523e-10	0.468422
4.557e-10	0.46504
4.55878e-10	0.461655
4.56056e-10	0.458267
4.56234e-10	0.454876
4.56412e-10	0.451482
4.5659e-10	0.448086
4.56768e-10	0.444687
4.56946e-10	0.441285
4.57123e-10	0.437881
4.57301e-10	0.434475
4.57479e-10	0.431066
4.57657e-10	0.427656
4.57835e-10	0.424243
4.58013e-10	0.420828
4.58191e-10	0.417412
4.58368e-10	0.413994
4.58546e-10	0.410573
4.58724e-10	0.407152
4.58902e-10	0.403729
4.5908e-10	0.400304
4.59258e-10	0.396878
4.59436e-10	0.393451
4.59614e-10	0.390023
4.59791e-10	0.386594
4.59969e-10	0.383164
4.60147e-10	0.379732
4.60325e-10	0.3763
4.60503e-10	0.372868
4.60681e-10	0.369435
4.60859e-10	0.366001
4.61037e-10	0.362567
4.61214e-10	0.359132
4.61392e-10	0.355698
4.6157e-10	0.352263
4.61748e-10	0.348828
4.61926e-10	0.345393
4.62104e-10	0.341958
4.62282e-10	0.338523
4.62459e-10	0.335089
4.62637e-10	0.331655
4.62815e-10	0.328221
4.62993e-10	0.324788
4.63171e-10	0.321356
4.63349e-10	0.317924
4.63527e-10	0.314494
4.63705e-10	0.311064
4.63882e-10	0.307635
4.6406e-10	0.304207
4.64238e-10	0.30078
4.64416e-10	0.297355
4.64594e-10	0.293931
4.64772e-10	0.290508
4.6495e-10	0.287087
4.65128e-10	0.283667
4.65305e-10	0.280249
4.65483e-10	0.276833
4.65661e-10	0.273419
4.65839e-10	0.270006
4.66017e-10	0.266596
4.66195e-10	0.263188
4.66373e-10	0.259782
4.6655e-10	0.256378
4.66728e-10	0.252976
4.66906e-10	0.249577
4.67084e-10	0.246181
4.67262e-10	0.242787
4.6744e-10	0.239396
4.67618e-10	0.236007
4.67796e-10	0.232622
4.67973e-10	0.229239
4.68151e-10	0.225859
4.68329e-10	0.222483
4.68507e-10	0.219109
4.68685e-10	0.215739
4.68863e-10	0.212372
4.69041e-10	0.209009
4.69219e-10	0.205649
4.69396e-10	0.202293
4.69574e-10	0.19894
4.69752e-10	0.195591
4.6993e-10	0.192246
4.70108e-10	0.188905
4.70286e-10	0.185568
4.70464e-10	0.182235
4.70641e-10	0.178906
4.70819e-10	0.175581
4.70997e-10	0.17226
4.71175e-10	0.168944
4.71353e-10	0.165633
4.71531e-10	0.162325
4.71709e-10	0.159023
4.71887e-10	0.155725
4.72064e-10	0.152432
4.72242e-10	0.149144
4.7242e-10	0.14586
4.72598e-10	0.142582
4.72776e-10	0.139309
4.72954e-10	0.13604
4.73132e-10	0.132777
4.73309e-10	0.12952
4.73487e-10	0.126267
4.73665e-10	0.12302
4.73843e-10	0.119779
4.74021e-10	0.116543
4.74199e-10	0.113313
4.74377e-10	0.110089
4.74555e-10	0.10687
4.74732e-10	0.103657
4.7491e-10	0.10045
4.75088e-10	0.0972493
4.75266e-10	0.0940545
4.75444e-10	0.0908658
4.75622e-10	0.0876834
4.758e-10	0.0845072
4.75978e-10	0.0813374
4.76155e-10	0.078174
4.76333e-10	0.0750172
4.76511e-10	0.0718668
4.76689e-10	0.0687231
4.76867e-10	0.0655861
4.77045e-10	0.0624559
4.77223e-10	0.0593325
4.774e-10	0.056216
4.77578e-10	0.0531065
4.77756e-10	0.0500039
4.77934e-10	0.0469085
4.78112e-10	0.0438203
4.7829e-10	0.0407392
4.78468e-10	0.0376655
4.78646e-10	0.0345991
4.78823e-10	0.0315401
4.79001e-10	0.0284886
4.79179e-10	0.0254447
4.79357e-10	0.0224083
4.79535e-10	0.0193797
4.79713e-10	0.0163587
4.79891e-10	0.0133455
4.80069e-10	0.0103402
4.80246e-10	0.00734285
4.80424e-10	0.00435343
4.80602e-10	0.00137205
4.8078e-10	-0.00160124
4.80958e-10	-0.00456638
4.81136e-10	-0.00752331
4.81314e-10	-0.010472
4.81491e-10	-0.0134123
4.81669e-10	-0.0163442
4.81847e-10	-0.0192678
4.82025e-10	-0.0221828
4.82203e-10	-0.0250892
4.82381e-10	-0.027987
4.82559e-10	-0.0308762
4.82737e-10	-0.0337567
4.82914e-10	-0.0366283
4.83092e-10	-0.0394912
4.8327e-10	-0.0423451
4.83448e-10	-0.0451901
4.83626e-10	-0.0480262
4.83804e-10	-0.0508531
4.83982e-10	-0.053671
4.8416e-10	-0.0564797
4.84337e-10	-0.0592793
4.84515e-10	-0.0620695
4.84693e-10	-0.0648505
4.84871e-10	-0.0676221
4.85049e-10	-0.0703843
4.85227e-10	-0.0731371
4.85405e-10	-0.0758803
4.85582e-10	-0.078614
4.8576e-10	-0.0813381
4.85938e-10	-0.0840526
4.86116e-10	-0.0867573
4.86294e-10	-0.0894523
4.86472e-10	-0.0921376
4.8665e-10	-0.094813
4.86828e-10	-0.0974785
4.87005e-10	-0.100134
4.87183e-10	-0.10278
4.87361e-10	-0.105415
4.87539e-10	-0.108041
4.87717e-10	-0.110656
4.87895e-10	-0.113261
4.88073e-10	-0.115857
4.8825e-10	-0.118441
4.88428e-10	-0.121016
4.88606e-10	-0.12358
4.88784e-10	-0.126134
4.88962e-10	-0.128678
4.8914e-10	-0.131211
4.89318e-10	-0.133733
4.89496e-10	-0.136245
4.89673e-10	-0.138747
4.89851e-10	-0.141238
4.90029e-10	-0.143718
4.90207e-10	-0.146188
4.90385e-10	-0.148646
4.90563e-10	-0.151095
4.90741e-10	-0.153532
4.90919e-10	-0.155958
4.91096e-10	-0.158374
4.91274e-10	-0.160779
4.91452e-10	-0.163173
4.9163e-10	-0.165556
4.91808e-10	-0.167928
4.91986e-10	-0.170288
4.92164e-10	-0.172638
4.92341e-10	-0.174977
4.92519e-10	-0.177305
4.92697e-10	-0.179621
4.92875e-10	-0.181926
4.93053e-10	-0.18422
4.93231e-10	-0.186503
4.93409e-10	-0.188775
4.93587e-10	-0.191035
4.93764e-10	-0.193284
4.93942e-10	-0.195521
4.9412e-10	-0.197747
4.94298e-10	-0.199962
4.94476e-10	-0.202165
4.94654e-10	-0.204357
4.94832e-10	-0.206537
4.9501e-10	-0.208706
4.95187e-10	-0.210863
4.95365e-10	-0.213009
4.95543e-10	-0.215143
4.95721e-10	-0.217265
4.95899e-10	-0.219376
4.96077e-10	-0.221475
4.96255e-10	-0.223562
4.96432e-10	-0.225638
4.9661e-10	-0.227702
4.96788e-10	-0.229754
4.96966e-10	-0.231794
4.97144e-10	-0.233823
4.97322e-10	-0.235839
4.975e-10	-0.237844
4.97678e-10	-0.239837
4.97855e-10	-0.241818
4.98033e-10	-0.243787
4.98211e-10	-0.245745
4.98389e-10	-0.24769
4.98567e-10	-0.249623
4.98745e-10	-0.251545
4.98923e-10	-0.253454
4.991e-10	-0.255351
4.99278e-10	-0.257237
4.99456e-10	-0.25911
4.99634e-10	-0.260971
4.99812e-10	-0.26282
4.9999e-10	-0.264657
5.00168e-10	-0.266482
5.00346e-10	-0.268295
5.00523e-10	-0.270096
5.00701e-10	-0.271885
5.00879e-10	-0.273661
5.01057e-10	-0.275426
5.01235e-10	-0.277178
5.01413e-10	-0.278918
5.01591e-10	-0.280645
5.01769e-10	-0.282361
5.01946e-10	-0.284064
5.02124e-10	-0.285756
5.02302e-10	-0.287434
5.0248e-10	-0.289101
5.02658e-10	-0.290756
5.02836e-10	-0.292398
5.03014e-10	-0.294028
5.03191e-10	-0.295645
5.03369e-10	-0.297251
5.03547e-10	-0.298844
5.03725e-10	-0.300425
5.03903e-10	-0.301993
5.04081e-10	-0.30355
5.04259e-10	-0.305094
5.04437e-10	-0.306625
5.04614e-10	-0.308145
5.04792e-10	-0.309652
5.0497e-10	-0.311147
5.05148e-10	-0.312629
5.05326e-10	-0.314099
5.05504e-10	-0.315557
5.05682e-10	-0.317003
5.0586e-10	-0.318436
5.06037e-10	-0.319857
5.06215e-10	-0.321265
5.06393e-10	-0.322662
5.06571e-10	-0.324046
5.06749e-10	-0.325417
5.06927e-10	-0.326777
5.07105e-10	-0.328124
5.07282e-10	-0.329459
5.0746e-10	-0.330781
5.07638e-10	-0.332091
5.07816e-10	-0.333389
5.07994e-10	-0.334675
5.08172e-10	-0.335948
5.0835e-10	-0.337209
5.08528e-10	-0.338458
5.08705e-10	-0.339694
5.08883e-10	-0.340919
5.09061e-10	-0.342131
5.09239e-10	-0.343331
5.09417e-10	-0.344518
5.09595e-10	-0.345693
5.09773e-10	-0.346856
5.09951e-10	-0.348007
5.10128e-10	-0.349146
5.10306e-10	-0.350272
5.10484e-10	-0.351387
5.10662e-10	-0.352489
5.1084e-10	-0.353579
5.11018e-10	-0.354657
5.11196e-10	-0.355722
5.11373e-10	-0.356776
5.11551e-10	-0.357817
5.11729e-10	-0.358846
5.11907e-10	-0.359864
5.12085e-10	-0.360869
5.12263e-10	-0.361862
5.12441e-10	-0.362843
5.12619e-10	-0.363812
5.12796e-10	-0.364769
5.12974e-10	-0.365713
5.13152e-10	-0.366646
5.1333e-10	-0.367567
5.13508e-10	-0.368476
5.13686e-10	-0.369373
5.13864e-10	-0.370258
5.14041e-10	-0.371131
5.14219e-10	-0.371993
5.14397e-10	-0.372842
5.14575e-10	-0.373679
5.14753e-10	-0.374505
5.14931e-10	-0.375319
5.15109e-10	-0.376121
5.15287e-10	-0.376911
5.15464e-10	-0.377689
5.15642e-10	-0.378456
5.1582e-10	-0.379211
5.15998e-10	-0.379954
5.16176e-10	-0.380686
5.16354e-10	-0.381405
5.16532e-10	-0.382114
5.1671e-10	-0.38281
5.16887e-10	-0.383495
5.17065e-10	-0.384168
5.17243e-10	-0.38483
5.17421e-10	-0.38548
5.17599e-10	-0.386119
5.17777e-10	-0.386746
5.17955e-10	-0.387362
5.18132e-10	-0.387966
5.1831e-10	-0.388559
5.18488e-10	-0.389141
5.18666e-10	-0.389711
5.18844e-10	-0.390269
5.19022e-10	-0.390817
5.192e-10	-0.391353
5.19378e-10	-0.391878
5.19555e-10	-0.392391
5.19733e-10	-0.392894
5.19911e-10	-0.393385
5.20089e-10	-0.393865
5.20267e-10	-0.394333
5.20445e-10	-0.394791
5.20623e-10	-0.395238
5.20801e-10	-0.395673
5.20978e-10	-0.396098
5.21156e-10	-0.396511
5.21334e-10	-0.396914
5.21512e-10	-0.397306
5.2169e-10	-0.397686
5.21868e-10	-0.398056
5.22046e-10	-0.398415
5.22223e-10	-0.398763
5.22401e-10	-0.3991
5.22579e-10	-0.399427
5.22757e-10	-0.399743
5.22935e-10	-0.400048
5.23113e-10	-0.400342
5.23291e-10	-0.400626
5.23469e-10	-0.400899
5.23646e-10	-0.401162
5.23824e-10	-0.401414
5.24002e-10	-0.401656
5.2418e-10	-0.401887
5.24358e-10	-0.402107
5.24536e-10	-0.402318
5.24714e-10	-0.402517
5.24892e-10	-0.402707
5.25069e-10	-0.402886
5.25247e-10	-0.403055
5.25425e-10	-0.403214
5.25603e-10	-0.403362
5.25781e-10	-0.4035
5.25959e-10	-0.403628
5.26137e-10	-0.403746
5.26314e-10	-0.403854
5.26492e-10	-0.403952
5.2667e-10	-0.40404
5.26848e-10	-0.404118
5.27026e-10	-0.404186
5.27204e-10	-0.404244
5.27382e-10	-0.404293
5.2756e-10	-0.404331
5.27737e-10	-0.40436
5.27915e-10	-0.404379
5.28093e-10	-0.404388
5.28271e-10	-0.404387
5.28449e-10	-0.404377
5.28627e-10	-0.404358
5.28805e-10	-0.404328
5.28982e-10	-0.40429
5.2916e-10	-0.404242
5.29338e-10	-0.404184
5.29516e-10	-0.404117
5.29694e-10	-0.40404
5.29872e-10	-0.403955
5.3005e-10	-0.40386
5.30228e-10	-0.403755
5.30405e-10	-0.403642
5.30583e-10	-0.403519
5.30761e-10	-0.403387
5.30939e-10	-0.403247
5.31117e-10	-0.403097
5.31295e-10	-0.402938
5.31473e-10	-0.40277
5.31651e-10	-0.402593
5.31828e-10	-0.402407
5.32006e-10	-0.402213
5.32184e-10	-0.40201
5.32362e-10	-0.401798
5.3254e-10	-0.401577
5.32718e-10	-0.401347
5.32896e-10	-0.401109
5.33073e-10	-0.400862
5.33251e-10	-0.400607
5.33429e-10	-0.400343
5.33607e-10	-0.400071
5.33785e-10	-0.39979
5.33963e-10	-0.399501
5.34141e-10	-0.399204
5.34319e-10	-0.398898
5.34496e-10	-0.398584
5.34674e-10	-0.398262
5.34852e-10	-0.397932
5.3503e-10	-0.397593
5.35208e-10	-0.397247
5.35386e-10	-0.396892
5.35564e-10	-0.396529
5.35742e-10	-0.396159
5.35919e-10	-0.39578
5.36097e-10	-0.395394
5.36275e-10	-0.395
5.36453e-10	-0.394598
5.36631e-10	-0.394188
5.36809e-10	-0.393771
5.36987e-10	-0.393346
5.37164e-10	-0.392913
5.37342e-10	-0.392473
5.3752e-10	-0.392025
5.37698e-10	-0.39157
5.37876e-10	-0.391107
5.38054e-10	-0.390637
5.38232e-10	-0.39016
5.3841e-10	-0.389675
5.38587e-10	-0.389183
5.38765e-10	-0.388684
5.38943e-10	-0.388178
5.39121e-10	-0.387664
5.39299e-10	-0.387144
5.39477e-10	-0.386617
5.39655e-10	-0.386082
5.39833e-10	-0.385541
5.4001e-10	-0.384992
5.40188e-10	-0.384437
5.40366e-10	-0.383875
5.40544e-10	-0.383307
5.40722e-10	-0.382731
5.409e-10	-0.382149
5.41078e-10	-0.38156
5.41255e-10	-0.380965
5.41433e-10	-0.380363
5.41611e-10	-0.379755
5.41789e-10	-0.37914
5.41967e-10	-0.378519
5.42145e-10	-0.377892
5.42323e-10	-0.377258
5.42501e-10	-0.376618
5.42678e-10	-0.375972
5.42856e-10	-0.375319
5.43034e-10	-0.374661
5.43212e-10	-0.373996
5.4339e-10	-0.373325
5.43568e-10	-0.372649
5.43746e-10	-0.371966
5.43923e-10	-0.371278
5.44101e-10	-0.370584
5.44279e-10	-0.369884
5.44457e-10	-0.369178
5.44635e-10	-0.368466
5.44813e-10	-0.367749
5.44991e-10	-0.367026
5.45169e-10	-0.366298
5.45346e-10	-0.365564
5.45524e-10	-0.364825
5.45702e-10	-0.36408
5.4588e-10	-0.36333
5.46058e-10	-0.362574
5.46236e-10	-0.361813
5.46414e-10	-0.361047
5.46592e-10	-0.360276
5.46769e-10	-0.3595
5.46947e-10	-0.358718
5.47125e-10	-0.357931
5.47303e-10	-0.35714
5.47481e-10	-0.356343
5.47659e-10	-0.355542
5.47837e-10	-0.354735
5.48014e-10	-0.353924
5.48192e-10	-0.353108
5.4837e-10	-0.352287
5.48548e-10	-0.351462
5.48726e-10	-0.350632
5.48904e-10	-0.349797
5.49082e-10	-0.348957
5.4926e-10	-0.348114
5.49437e-10	-0.347265
5.49615e-10	-0.346413
5.49793e-10	-0.345555
5.49971e-10	-0.344694
5.50149e-10	-0.343828
5.50327e-10	-0.342958
5.50505e-10	-0.342084
5.50683e-10	-0.341206
5.5086e-10	-0.340323
5.51038e-10	-0.339437
5.51216e-10	-0.338546
5.51394e-10	-0.337651
5.51572e-10	-0.336753
5.5175e-10	-0.335851
5.51928e-10	-0.334944
5.52105e-10	-0.334034
5.52283e-10	-0.333121
5.52461e-10	-0.332203
5.52639e-10	-0.331282
5.52817e-10	-0.330357
5.52995e-10	-0.329429
5.53173e-10	-0.328497
5.53351e-10	-0.327561
5.53528e-10	-0.326623
5.53706e-10	-0.32568
5.53884e-10	-0.324735
5.54062e-10	-0.323786
5.5424e-10	-0.322834
5.54418e-10	-0.321878
5.54596e-10	-0.320919
5.54774e-10	-0.319958
5.54951e-10	-0.318993
5.55129e-10	-0.318025
5.55307e-10	-0.317054
5.55485e-10	-0.31608
5.55663e-10	-0.315103
5.55841e-10	-0.314124
5.56019e-10	-0.313141
5.56196e-10	-0.312156
5.56374e-10	-0.311167
5.56552e-10	-0.310177
5.5673e-10	-0.309183
5.56908e-10	-0.308187
5.57086e-10	-0.307188
5.57264e-10	-0.306187
5.57442e-10	-0.305183
5.57619e-10	-0.304177
5.57797e-10	-0.303168
5.57975e-10	-0.302157
5.58153e-10	-0.301144
5.58331e-10	-0.300128
5.58509e-10	-0.29911
5.58687e-10	-0.29809
5.58864e-10	-0.297068
5.59042e-10	-0.296044
5.5922e-10	-0.295017
5.59398e-10	-0.293988
5.59576e-10	-0.292958
5.59754e-10	-0.291925
5.59932e-10	-0.290891
5.6011e-10	-0.289854
5.60287e-10	-0.288816
5.60465e-10	-0.287776
5.60643e-10	-0.286734
5.60821e-10	-0.285691
5.60999e-10	-0.284646
5.61177e-10	-0.283599
5.61355e-10	-0.28255
5.61533e-10	-0.2815
5.6171e-10	-0.280449
5.61888e-10	-0.279396
5.62066e-10	-0.278341
5.62244e-10	-0.277285
5.62422e-10	-0.276228
5.626e-10	-0.275169
5.62778e-10	-0.274109
5.62955e-10	-0.273048
5.63133e-10	-0.271986
5.63311e-10	-0.270922
5.63489e-10	-0.269857
5.63667e-10	-0.268791
5.63845e-10	-0.267724
5.64023e-10	-0.266656
5.64201e-10	-0.265587
5.64378e-10	-0.264517
5.64556e-10	-0.263447
5.64734e-10	-0.262375
5.64912e-10	-0.261302
5.6509e-10	-0.260229
5.65268e-10	-0.259155
5.65446e-10	-0.25808
5.65624e-10	-0.257004
5.65801e-10	-0.255928
5.65979e-10	-0.254851
5.66157e-10	-0.253773
5.66335e-10	-0.252695
5.66513e-10	-0.251616
5.66691e-10	-0.250537
5.66869e-10	-0.249458
5.67046e-10	-0.248378
5.67224e-10	-0.247297
5.67402e-10	-0.246216
5.6758e-10	-0.245135
5.67758e-10	-0.244054
5.67936e-10	-0.242972
5.68114e-10	-0.241891
5.68292e-10	-0.240809
5.68469e-10	-0.239726
5.68647e-10	-0.238644
5.68825e-10	-0.237562
5.69003e-10	-0.236479
5.69181e-10	-0.235397
5.69359e-10	-0.234314
5.69537e-10	-0.233232
5.69715e-10	-0.23215
5.69892e-10	-0.231068
5.7007e-10	-0.229986
5.70248e-10	-0.228904
5.70426e-10	-0.227822
5.70604e-10	-0.226741
5.70782e-10	-0.22566
5.7096e-10	-0.224579
5.71137e-10	-0.223498
5.71315e-10	-0.222418
5.71493e-10	-0.221338
5.71671e-10	-0.220259
5.71849e-10	-0.21918
5.72027e-10	-0.218102
5.72205e-10	-0.217024
5.72383e-10	-0.215947
5.7256e-10	-0.21487
5.72738e-10	-0.213794
5.72916e-10	-0.212719
5.73094e-10	-0.211644
5.73272e-10	-0.21057
5.7345e-10	-0.209496
5.73628e-10	-0.208424
5.73805e-10	-0.207352
5.73983e-10	-0.206281
5.74161e-10	-0.205211
5.74339e-10	-0.204142
5.74517e-10	-0.203073
5.74695e-10	-0.202006
5.74873e-10	-0.200939
5.75051e-10	-0.199874
5.75228e-10	-0.198809
5.75406e-10	-0.197745
5.75584e-10	-0.196683
5.75762e-10	-0.195622
5.7594e-10	-0.194561
5.76118e-10	-0.193502
5.76296e-10	-0.192444
5.76474e-10	-0.191387
5.76651e-10	-0.190332
5.76829e-10	-0.189278
5.77007e-10	-0.188225
5.77185e-10	-0.187173
5.77363e-10	-0.186122
5.77541e-10	-0.185073
5.77719e-10	-0.184026
5.77896e-10	-0.182979
5.78074e-10	-0.181934
5.78252e-10	-0.180891
5.7843e-10	-0.179849
5.78608e-10	-0.178808
5.78786e-10	-0.177769
5.78964e-10	-0.176732
5.79142e-10	-0.175696
5.79319e-10	-0.174662
5.79497e-10	-0.173629
5.79675e-10	-0.172598
5.79853e-10	-0.171569
5.80031e-10	-0.170541
5.80209e-10	-0.169515
5.80387e-10	-0.168491
5.80565e-10	-0.167468
5.80742e-10	-0.166447
5.8092e-10	-0.165428
5.81098e-10	-0.164411
5.81276e-10	-0.163396
5.81454e-10	-0.162382
5.81632e-10	-0.16137
5.8181e-10	-0.160361
5.81987e-10	-0.159353
5.82165e-10	-0.158347
5.82343e-10	-0.157343
5.82521e-10	-0.156341
5.82699e-10	-0.155341
5.82877e-10	-0.154343
5.83055e-10	-0.153347
5.83233e-10	-0.152353
5.8341e-10	-0.151361
5.83588e-10	-0.150371
5.83766e-10	-0.149384
5.83944e-10	-0.148398
5.84122e-10	-0.147415
5.843e-10	-0.146433
5.84478e-10	-0.145454
5.84656e-10	-0.144478
5.84833e-10	-0.143503
5.85011e-10	-0.142531
5.85189e-10	-0.14156
5.85367e-10	-0.140592
5.85545e-10	-0.139627
5.85723e-10	-0.138664
5.85901e-10	-0.137703
5.86078e-10	-0.136744
5.86256e-10	-0.135788
5.86434e-10	-0.134834
5.86612e-10	-0.133882
5.8679e-10	-0.132933
5.86968e-10	-0.131987
5.87146e-10	-0.131042
5.87324e-10	-0.1301
5.87501e-10	-0.129161
5.87679e-10	-0.128224
5.87857e-10	-0.12729
5.88035e-10	-0.126358
5.88213e-10	-0.125429
5.88391e-10	-0.124502
5.88569e-10	-0.123578
5.88746e-10	-0.122656
5.88924e-10	-0.121737
5.89102e-10	-0.12082
5.8928e-10	-0.119906
5.89458e-10	-0.118995
5.89636e-10	-0.118086
5.89814e-10	-0.11718
5.89992e-10	-0.116277
5.90169e-10	-0.115376
5.90347e-10	-0.114478
5.90525e-10	-0.113583
5.90703e-10	-0.11269
5.90881e-10	-0.1118
5.91059e-10	-0.110913
5.91237e-10	-0.110029
5.91415e-10	-0.109147
5.91592e-10	-0.108268
5.9177e-10	-0.107392
5.91948e-10	-0.106519
5.92126e-10	-0.105648
5.92304e-10	-0.10478
5.92482e-10	-0.103915
5.9266e-10	-0.103053
5.92837e-10	-0.102194
5.93015e-10	-0.101338
5.93193e-10	-0.100484
5.93371e-10	-0.0996336
5.93549e-10	-0.0987858
5.93727e-10	-0.0979409
5.93905e-10	-0.0970989
5.94083e-10	-0.0962599
5.9426e-10	-0.0954237
5.94438e-10	-0.0945905
5.94616e-10	-0.0937602
5.94794e-10	-0.0929328
5.94972e-10	-0.0921084
5.9515e-10	-0.0912869
5.95328e-10	-0.0904685
5.95506e-10	-0.089653
5.95683e-10	-0.0888405
5.95861e-10	-0.0880309
5.96039e-10	-0.0872244
5.96217e-10	-0.0864209
5.96395e-10	-0.0856204
5.96573e-10	-0.0848229
5.96751e-10	-0.0840284
5.96928e-10	-0.083237
5.97106e-10	-0.0824486
5.97284e-10	-0.0816632
5.97462e-10	-0.0808809
5.9764e-10	-0.0801017
5.97818e-10	-0.0793255
5.97996e-10	-0.0785524
5.98174e-10	-0.0777824
5.98351e-10	-0.0770154
5.98529e-10	-0.0762516
5.98707e-10	-0.0754908
5.98885e-10	-0.0747332
5.99063e-10	-0.0739786
5.99241e-10	-0.0732271
5.99419e-10	-0.0724788
5.99597e-10	-0.0717336
5.99774e-10	-0.0709914
5.99952e-10	-0.0702525
6.0013e-10	-0.0695166
6.00308e-10	-0.0687839
6.00486e-10	-0.0680543
6.00664e-10	-0.0673278
6.00842e-10	-0.0666045
6.01019e-10	-0.0658844
6.01197e-10	-0.0651674
6.01375e-10	-0.0644535
6.01553e-10	-0.0637428
6.01731e-10	-0.0630353
6.01909e-10	-0.0623309
6.02087e-10	-0.0616297
6.02265e-10	-0.0609317
6.02442e-10	-0.0602368
6.0262e-10	-0.0595451
6.02798e-10	-0.0588566
6.02976e-10	-0.0581713
6.03154e-10	-0.0574891
6.03332e-10	-0.0568101
6.0351e-10	-0.0561343
6.03687e-10	-0.0554617
6.03865e-10	-0.0547922
6.04043e-10	-0.054126
6.04221e-10	-0.0534629
6.04399e-10	-0.0528031
6.04577e-10	-0.0521464
6.04755e-10	-0.0514929
6.04933e-10	-0.0508426
6.0511e-10	-0.0501955
6.05288e-10	-0.0495515
6.05466e-10	-0.0489108
6.05644e-10	-0.0482733
6.05822e-10	-0.0476389
6.06e-10	-0.0470078
6.06178e-10	-0.0463798
6.06356e-10	-0.045755
6.06533e-10	-0.0451334
6.06711e-10	-0.044515
6.06889e-10	-0.0438998
6.07067e-10	-0.0432878
6.07245e-10	-0.042679
6.07423e-10	-0.0420733
6.07601e-10	-0.0414709
6.07778e-10	-0.0408716
6.07956e-10	-0.0402755
6.08134e-10	-0.0396826
6.08312e-10	-0.0390929
6.0849e-10	-0.0385064
6.08668e-10	-0.037923
6.08846e-10	-0.0373428
6.09024e-10	-0.0367658
6.09201e-10	-0.0361919
6.09379e-10	-0.0356212
6.09557e-10	-0.0350537
6.09735e-10	-0.0344894
6.09913e-10	-0.0339282
6.10091e-10	-0.0333702
6.10269e-10	-0.0328153
6.10447e-10	-0.0322636
6.10624e-10	-0.031715
6.10802e-10	-0.0311696
6.1098e-10	-0.0306273
6.11158e-10	-0.0300882
6.11336e-10	-0.0295522
6.11514e-10	-0.0290193
6.11692e-10	-0.0284896
6.11869e-10	-0.027963
6.12047e-10	-0.0274395
6.12225e-10	-0.0269192
6.12403e-10	-0.0264019
6.12581e-10	-0.0258878
6.12759e-10	-0.0253768
6.12937e-10	-0.0248689
6.13115e-10	-0.0243641
6.13292e-10	-0.0238624
6.1347e-10	-0.0233638
6.13648e-10	-0.0228682
6.13826e-10	-0.0223758
6.14004e-10	-0.0218864
6.14182e-10	-0.0214001
6.1436e-10	-0.0209169
6.14538e-10	-0.0204367
6.14715e-10	-0.0199596
6.14893e-10	-0.0194856
6.15071e-10	-0.0190146
6.15249e-10	-0.0185466
6.15427e-10	-0.0180817
6.15605e-10	-0.0176198
6.15783e-10	-0.017161
6.1596e-10	-0.0167051
6.16138e-10	-0.0162523
6.16316e-10	-0.0158025
6.16494e-10	-0.0153557
6.16672e-10	-0.0149119
6.1685e-10	-0.0144711
6.17028e-10	-0.0140333
6.17206e-10	-0.0135985
6.17383e-10	-0.0131666
6.17561e-10	-0.0127377
6.17739e-10	-0.0123118
6.17917e-10	-0.0118889
6.18095e-10	-0.0114688
6.18273e-10	-0.0110518
6.18451e-10	-0.0106376
6.18628e-10	-0.0102264
6.18806e-10	-0.00981816
6.18984e-10	-0.0094128
6.19162e-10	-0.00901035
6.1934e-10	-0.00861081
6.19518e-10	-0.00821416
6.19696e-10	-0.00782041
6.19874e-10	-0.00742954
6.20051e-10	-0.00704154
6.20229e-10	-0.00665641
6.20407e-10	-0.00627415
6.20585e-10	-0.00589474
6.20763e-10	-0.00551818
6.20941e-10	-0.00514446
6.21119e-10	-0.00477357
6.21297e-10	-0.0044055
6.21474e-10	-0.00404026
6.21652e-10	-0.00367782
6.2183e-10	-0.00331819
6.22008e-10	-0.00296135
6.22186e-10	-0.00260729
6.22364e-10	-0.00225602
6.22542e-10	-0.00190752
6.22719e-10	-0.00156177
6.22897e-10	-0.00121879
6.23075e-10	-0.000878552
6.23253e-10	-0.000541053
6.23431e-10	-0.000206284
6.23609e-10	0.000125762
6.23787e-10	0.000455093
6.23965e-10	0.000781718
6.24142e-10	0.00110565
6.2432e-10	0.00142688
6.24498e-10	0.00174544
6.24676e-10	0.00206132
6.24854e-10	0.00237454
6.25032e-10	0.00268511
6.2521e-10	0.00299303
6.25388e-10	0.00329831
6.25565e-10	0.00360096
6.25743e-10	0.00390099
6.25921e-10	0.0041984
6.26099e-10	0.00449322
6.26277e-10	0.00478544
6.26455e-10	0.00507507
6.26633e-10	0.00536213
6.2681e-10	0.00564662
6.26988e-10	0.00592855
6.27166e-10	0.00620793
6.27344e-10	0.00648477
6.27522e-10	0.00675908
6.277e-10	0.00703086
6.27878e-10	0.00730013
6.28056e-10	0.0075669
6.28233e-10	0.00783118
6.28411e-10	0.00809296
6.28589e-10	0.00835228
6.28767e-10	0.00860912
6.28945e-10	0.00886351
6.29123e-10	0.00911544
6.29301e-10	0.00936494
6.29478e-10	0.00961201
6.29656e-10	0.00985666
6.29834e-10	0.0100989
6.30012e-10	0.0103387
6.3019e-10	0.0105762
6.30368e-10	0.0108113
6.30546e-10	0.0110439
6.30724e-10	0.0112743
6.30901e-10	0.0115023
6.31079e-10	0.0117279
6.31257e-10	0.0119512
6.31435e-10	0.0121722
6.31613e-10	0.0123908
6.31791e-10	0.0126072
6.31969e-10	0.0128212
6.32147e-10	0.013033
6.32324e-10	0.0132425
6.32502e-10	0.0134498
6.3268e-10	0.0136547
6.32858e-10	0.0138575
6.33036e-10	0.014058
6.33214e-10	0.0142562
6.33392e-10	0.0144523
6.33569e-10	0.0146462
6.33747e-10	0.0148378
6.33925e-10	0.0150273
6.34103e-10	0.0152146
6.34281e-10	0.0153997
6.34459e-10	0.0155827
6.34637e-10	0.0157635
6.34815e-10	0.0159422
6.34992e-10	0.0161187
6.3517e-10	0.0162932
6.35348e-10	0.0164655
6.35526e-10	0.0166358
6.35704e-10	0.0168039
6.35882e-10	0.01697
6.3606e-10	0.017134
6.36238e-10	0.017296
6.36415e-10	0.0174559
6.36593e-10	0.0176138
6.36771e-10	0.0177696
6.36949e-10	0.0179235
6.37127e-10	0.0180753
6.37305e-10	0.0182251
6.37483e-10	0.018373
6.3766e-10	0.0185189
6.37838e-10	0.0186628
6.38016e-10	0.0188047
6.38194e-10	0.0189448
6.38372e-10	0.0190828
6.3855e-10	0.019219
6.38728e-10	0.0193532
6.38906e-10	0.0194856
6.39083e-10	0.019616
6.39261e-10	0.0197446
6.39439e-10	0.0198713
6.39617e-10	0.0199961
6.39795e-10	0.0201191
6.39973e-10	0.0202402
6.40151e-10	0.0203595
6.40329e-10	0.020477
6.40506e-10	0.0205926
6.40684e-10	0.0207065
6.40862e-10	0.0208186
6.4104e-10	0.0209289
6.41218e-10	0.0210374
6.41396e-10	0.0211441
6.41574e-10	0.0212491
6.41751e-10	0.0213524
6.41929e-10	0.0214539
6.42107e-10	0.0215537
6.42285e-10	0.0216518
6.42463e-10	0.0217482
6.42641e-10	0.021843
6.42819e-10	0.021936
6.42997e-10	0.0220273
6.43174e-10	0.022117
6.43352e-10	0.0222051
6.4353e-10	0.0222915
6.43708e-10	0.0223763
6.43886e-10	0.0224594
6.44064e-10	0.022541
6.44242e-10	0.0226209
6.44419e-10	0.0226992
6.44597e-10	0.022776
6.44775e-10	0.0228512
6.44953e-10	0.0229249
6.45131e-10	0.022997
6.45309e-10	0.0230675
6.45487e-10	0.0231365
6.45665e-10	0.023204
6.45842e-10	0.02327
6.4602e-10	0.0233345
6.46198e-10	0.0233975
6.46376e-10	0.023459
6.46554e-10	0.023519
6.46732e-10	0.0235776
6.4691e-10	0.0236347
6.47088e-10	0.0236904
6.47265e-10	0.0237447
6.47443e-10	0.0237975
6.47621e-10	0.0238489
6.47799e-10	0.0238989
6.47977e-10	0.0239476
6.48155e-10	0.0239948
6.48333e-10	0.0240407
6.4851e-10	0.0240852
6.48688e-10	0.0241283
6.48866e-10	0.0241701
6.49044e-10	0.0242106
6.49222e-10	0.0242497
6.494e-10	0.0242875
6.49578e-10	0.024324
6.49756e-10	0.0243592
6.49933e-10	0.0243932
6.50111e-10	0.0244258
6.50289e-10	0.0244572
6.50467e-10	0.0244873
6.50645e-10	0.0245162
6.50823e-10	0.0245438
6.51001e-10	0.0245702
6.51179e-10	0.0245954
6.51356e-10	0.0246193
6.51534e-10	0.0246421
6.51712e-10	0.0246636
6.5189e-10	0.024684
6.52068e-10	0.0247032
6.52246e-10	0.0247213
6.52424e-10	0.0247381
6.52601e-10	0.0247539
6.52779e-10	0.0247684
6.52957e-10	0.0247819
6.53135e-10	0.0247942
6.53313e-10	0.0248054
6.53491e-10	0.0248156
6.53669e-10	0.0248246
6.53847e-10	0.0248325
6.54024e-10	0.0248394
6.54202e-10	0.0248452
6.5438e-10	0.0248499
6.54558e-10	0.0248536
6.54736e-10	0.0248563
6.54914e-10	0.0248579
6.55092e-10	0.0248585
6.5527e-10	0.024858
6.55447e-10	0.0248566
6.55625e-10	0.0248542
6.55803e-10	0.0248508
6.55981e-10	0.0248464
6.56159e-10	0.024841
6.56337e-10	0.0248347
6.56515e-10	0.0248274
6.56692e-10	0.0248192
6.5687e-10	0.02481
6.57048e-10	0.0247999
6.57226e-10	0.0247889
6.57404e-10	0.024777
6.57582e-10	0.0247641
6.5776e-10	0.0247504
6.57938e-10	0.0247358
6.58115e-10	0.0247203
6.58293e-10	0.0247039
6.58471e-10	0.0246867
6.58649e-10	0.0246686
6.58827e-10	0.0246497
6.59005e-10	0.02463
6.59183e-10	0.0246094
6.5936e-10	0.024588
6.59538e-10	0.0245657
6.59716e-10	0.0245427
6.59894e-10	0.0245189
6.60072e-10	0.0244943
6.6025e-10	0.0244689
6.60428e-10	0.0244427
6.60606e-10	0.0244158
6.60783e-10	0.0243881
6.60961e-10	0.0243596
6.61139e-10	0.0243305
6.61317e-10	0.0243005
6.61495e-10	0.0242699
6.61673e-10	0.0242385
6.61851e-10	0.0242065
6.62029e-10	0.0241737
6.62206e-10	0.0241402
6.62384e-10	0.024106
6.62562e-10	0.0240712
6.6274e-10	0.0240357
6.62918e-10	0.0239995
6.63096e-10	0.0239626
6.63274e-10	0.0239251
6.63451e-10	0.023887
6.63629e-10	0.0238482
6.63807e-10	0.0238088
6.63985e-10	0.0237688
6.64163e-10	0.0237281
6.64341e-10	0.0236869
6.64519e-10	0.023645
6.64697e-10	0.0236026
6.64874e-10	0.0235595
6.65052e-10	0.0235159
6.6523e-10	0.0234717
6.65408e-10	0.023427
6.65586e-10	0.0233817
6.65764e-10	0.0233358
6.65942e-10	0.0232894
6.6612e-10	0.0232425
6.66297e-10	0.023195
6.66475e-10	0.023147
6.66653e-10	0.0230985
6.66831e-10	0.0230494
6.67009e-10	0.0229999
6.67187e-10	0.0229499
6.67365e-10	0.0228993
6.67542e-10	0.0228483
6.6772e-10	0.0227968
6.67898e-10	0.0227449
6.68076e-10	0.0226924
6.68254e-10	0.0226396
6.68432e-10	0.0225862
6.6861e-10	0.0225324
6.68788e-10	0.0224782
6.68965e-10	0.0224236
6.69143e-10	0.0223685
6.69321e-10	0.022313
6.69499e-10	0.0222571
6.69677e-10	0.0222007
6.69855e-10	0.022144
6.70033e-10	0.0220869
6.70211e-10	0.0220294
6.70388e-10	0.0219715
6.70566e-10	0.0219132
6.70744e-10	0.0218545
6.70922e-10	0.0217955
6.711e-10	0.0217361
6.71278e-10	0.0216764
6.71456e-10	0.0216163
6.71633e-10	0.0215559
6.71811e-10	0.0214951
6.71989e-10	0.021434
6.72167e-10	0.0213726
6.72345e-10	0.0213109
6.72523e-10	0.0212488
6.72701e-10	0.0211865
6.72879e-10	0.0211238
6.73056e-10	0.0210608
6.73234e-10	0.0209976
6.73412e-10	0.020934
6.7359e-10	0.0208702
6.73768e-10	0.0208061
6.73946e-10	0.0207417
6.74124e-10	0.0206771
6.74301e-10	0.0206122
6.74479e-10	0.020547
6.74657e-10	0.0204816
6.74835e-10	0.0204159
6.75013e-10	0.02035
6.75191e-10	0.0202839
6.75369e-10	0.0202175
6.75547e-10	0.0201509
6.75724e-10	0.0200841
6.75902e-10	0.0200171
6.7608e-10	0.0199499
6.76258e-10	0.0198825
6.76436e-10	0.0198148
6.76614e-10	0.019747
6.76792e-10	0.019679
6.7697e-10	0.0196108
6.77147e-10	0.0195424
6.77325e-10	0.0194738
6.77503e-10	0.0194051
6.77681e-10	0.0193361
6.77859e-10	0.0192671
6.78037e-10	0.0191979
6.78215e-10	0.0191285
6.78392e-10	0.0190589
6.7857e-10	0.0189893
6.78748e-10	0.0189195
6.78926e-10	0.0188495
6.79104e-10	0.0187794
6.79282e-10	0.0187092
6.7946e-10	0.0186389
6.79638e-10	0.0185684
6.79815e-10	0.0184979
6.79993e-10	0.0184272
6.80171e-10	0.0183564
6.80349e-10	0.0182855
6.80527e-10	0.0182145
6.80705e-10	0.0181435
6.80883e-10	0.0180723
6.81061e-10	0.0180011
6.81238e-10	0.0179297
6.81416e-10	0.0178583
6.81594e-10	0.0177868
6.81772e-10	0.0177153
6.8195e-10	0.0176437
6.82128e-10	0.017572
6.82306e-10	0.0175002
6.82483e-10	0.0174284
6.82661e-10	0.0173566
6.82839e-10	0.0172847
6.83017e-10	0.0172128
6.83195e-10	0.0171408
6.83373e-10	0.0170688
6.83551e-10	0.0169967
6.83729e-10	0.0169246
6.83906e-10	0.0168525
6.84084e-10	0.0167804
6.84262e-10	0.0167083
6.8444e-10	0.0166361
6.84618e-10	0.0165639
6.84796e-10	0.0164918
6.84974e-10	0.0164196
6.85152e-10	0.0163474
6.85329e-10	0.0162752
6.85507e-10	0.016203
6.85685e-10	0.0161308
6.85863e-10	0.0160587
6.86041e-10	0.0159865
6.86219e-10	0.0159144
6.86397e-10	0.0158423
6.86574e-10	0.0157702
6.86752e-10	0.0156981
6.8693e-10	0.0156261
6.87108e-10	0.0155541
6.87286e-10	0.0154821
6.87464e-10	0.0154102
6.87642e-10	0.0153383
6.8782e-10	0.0152664
6.87997e-10	0.0151946
6.88175e-10	0.0151229
6.88353e-10	0.0150512
6.88531e-10	0.0149795
6.88709e-10	0.014908
6.88887e-10	0.0148364
6.89065e-10	0.014765
6.89242e-10	0.0146936
6.8942e-10	0.0146222
6.89598e-10	0.014551
6.89776e-10	0.0144798
6.89954e-10	0.0144087
6.90132e-10	0.0143377
6.9031e-10	0.0142667
6.90488e-10	0.0141958
6.90665e-10	0.0141251
6.90843e-10	0.0140544
6.91021e-10	0.0139838
6.91199e-10	0.0139133
6.91377e-10	0.0138428
6.91555e-10	0.0137725
6.91733e-10	0.0137023
6.91911e-10	0.0136322
6.92088e-10	0.0135622
6.92266e-10	0.0134923
6.92444e-10	0.0134225
6.92622e-10	0.0133528
6.928e-10	0.0132832
6.92978e-10	0.0132138
6.93156e-10	0.0131444
6.93333e-10	0.0130752
6.93511e-10	0.0130061
6.93689e-10	0.0129371
6.93867e-10	0.0128683
6.94045e-10	0.0127996
6.94223e-10	0.012731
6.94401e-10	0.0126625
6.94579e-10	0.0125942
6.94756e-10	0.012526
6.94934e-10	0.0124579
6.95112e-10	0.01239
6.9529e-10	0.0123222
6.95468e-10	0.0122546
6.95646e-10	0.0121871
6.95824e-10	0.0121197
6.96002e-10	0.0120525
6.96179e-10	0.0119854
6.96357e-10	0.0119185
6.96535e-10	0.0118518
6.96713e-10	0.0117852
6.96891e-10	0.0117187
6.97069e-10	0.0116524
6.97247e-10	0.0115863
6.97424e-10	0.0115203
6.97602e-10	0.0114545
6.9778e-10	0.0113889
6.97958e-10	0.0113234
6.98136e-10	0.0112581
6.98314e-10	0.0111929
6.98492e-10	0.0111279
6.9867e-10	0.0110631
6.98847e-10	0.0109984
6.99025e-10	0.010934
6.99203e-10	0.0108697
6.99381e-10	0.0108055
6.99559e-10	0.0107416
6.99737e-10	0.0106778
6.99915e-10	0.0106142
7.00093e-10	0.0105508
7.0027e-10	0.0104876
7.00448e-10	0.0104245
7.00626e-10	0.0103616
7.00804e-10	0.010299
7.00982e-10	0.0102365
7.0116e-10	0.0101741
7.01338e-10	0.010112
7.01515e-10	0.0100501
7.01693e-10	0.00998833
7.01871e-10	0.00992677
7.02049e-10	0.0098654
7.02227e-10	0.00980423
7.02405e-10	0.00974324
7.02583e-10	0.00968246
7.02761e-10	0.00962186
7.02938e-10	0.00956147
7.03116e-10	0.00950127
7.03294e-10	0.00944126
7.03472e-10	0.00938146
7.0365e-10	0.00932186
7.03828e-10	0.00926245
7.04006e-10	0.00920325
7.04183e-10	0.00914425
7.04361e-10	0.00908545
7.04539e-10	0.00902685
7.04717e-10	0.00896846
7.04895e-10	0.00891027
7.05073e-10	0.00885229
7.05251e-10	0.00879452
7.05429e-10	0.00873695
7.05606e-10	0.00867958
7.05784e-10	0.00862243
7.05962e-10	0.00856548
7.0614e-10	0.00850875
7.06318e-10	0.00845222
7.06496e-10	0.0083959
7.06674e-10	0.0083398
7.06852e-10	0.0082839
7.07029e-10	0.00822822
7.07207e-10	0.00817275
7.07385e-10	0.00811749
7.07563e-10	0.00806245
7.07741e-10	0.00800761
7.07919e-10	0.007953
7.08097e-10	0.00789859
7.08274e-10	0.00784441
7.08452e-10	0.00779043
7.0863e-10	0.00773668
7.08808e-10	0.00768314
7.08986e-10	0.00762981
7.09164e-10	0.0075767
7.09342e-10	0.00752381
7.0952e-10	0.00747114
7.09697e-10	0.00741868
7.09875e-10	0.00736644
7.10053e-10	0.00731442
7.10231e-10	0.00726262
7.10409e-10	0.00721104
7.10587e-10	0.00715967
7.10765e-10	0.00710853
7.10943e-10	0.0070576
7.1112e-10	0.00700689
7.11298e-10	0.00695641
7.11476e-10	0.00690614
7.11654e-10	0.00685609
7.11832e-10	0.00680626
7.1201e-10	0.00675666
7.12188e-10	0.00670727
7.12365e-10	0.0066581
7.12543e-10	0.00660915
7.12721e-10	0.00656043
7.12899e-10	0.00651192
7.13077e-10	0.00646364
7.13255e-10	0.00641558
7.13433e-10	0.00636773
7.13611e-10	0.00632011
7.13788e-10	0.00627271
7.13966e-10	0.00622553
7.14144e-10	0.00617857
7.14322e-10	0.00613183
7.145e-10	0.00608531
7.14678e-10	0.00603901
7.14856e-10	0.00599293
7.15034e-10	0.00594707
7.15211e-10	0.00590144
7.15389e-10	0.00585602
7.15567e-10	0.00581082
7.15745e-10	0.00576585
7.15923e-10	0.00572109
7.16101e-10	0.00567655
7.16279e-10	0.00563224
7.16456e-10	0.00558814
7.16634e-10	0.00554426
7.16812e-10	0.0055006
7.1699e-10	0.00545716
7.17168e-10	0.00541394
7.17346e-10	0.00537094
7.17524e-10	0.00532816
7.17702e-10	0.00528559
7.17879e-10	0.00524324
7.18057e-10	0.00520112
7.18235e-10	0.0051592
7.18413e-10	0.00511751
7.18591e-10	0.00507603
7.18769e-10	0.00503477
7.18947e-10	0.00499373
7.19124e-10	0.0049529
7.19302e-10	0.00491229
7.1948e-10	0.00487189
7.19658e-10	0.00483171
7.19836e-10	0.00479175
7.20014e-10	0.004752
7.20192e-10	0.00471246
7.2037e-10	0.00467314
7.20547e-10	0.00463403
7.20725e-10	0.00459513
7.20903e-10	0.00455645
7.21081e-10	0.00451798
7.21259e-10	0.00447973
7.21437e-10	0.00444168
7.21615e-10	0.00440385
7.21793e-10	0.00436623
7.2197e-10	0.00432881
7.22148e-10	0.00429161
7.22326e-10	0.00425462
7.22504e-10	0.00421784
7.22682e-10	0.00418127
7.2286e-10	0.0041449
7.23038e-10	0.00410875
7.23215e-10	0.0040728
7.23393e-10	0.00403706
7.23571e-10	0.00400153
7.23749e-10	0.0039662
7.23927e-10	0.00393108
7.24105e-10	0.00389617
7.24283e-10	0.00386145
7.24461e-10	0.00382695
7.24638e-10	0.00379265
7.24816e-10	0.00375855
7.24994e-10	0.00372465
7.25172e-10	0.00369096
7.2535e-10	0.00365747
7.25528e-10	0.00362418
7.25706e-10	0.0035911
7.25884e-10	0.00355821
7.26061e-10	0.00352552
7.26239e-10	0.00349303
7.26417e-10	0.00346075
7.26595e-10	0.00342865
7.26773e-10	0.00339676
7.26951e-10	0.00336507
7.27129e-10	0.00333357
7.27306e-10	0.00330227
7.27484e-10	0.00327116
7.27662e-10	0.00324025
7.2784e-10	0.00320953
7.28018e-10	0.00317901
7.28196e-10	0.00314868
7.28374e-10	0.00311854
7.28552e-10	0.0030886
7.28729e-10	0.00305884
7.28907e-10	0.00302928
7.29085e-10	0.00299991
7.29263e-10	0.00297073
7.29441e-10	0.00294173
7.29619e-10	0.00291293
7.29797e-10	0.00288431
7.29975e-10	0.00285588
7.30152e-10	0.00282764
7.3033e-10	0.00279958
7.30508e-10	0.00277171
7.30686e-10	0.00274402
7.30864e-10	0.00271652
7.31042e-10	0.0026892
7.3122e-10	0.00266207
7.31397e-10	0.00263511
7.31575e-10	0.00260834
7.31753e-10	0.00258175
7.31931e-10	0.00255534
7.32109e-10	0.00252911
7.32287e-10	0.00250306
7.32465e-10	0.00247718
7.32643e-10	0.00245149
7.3282e-10	0.00242597
7.32998e-10	0.00240063
7.33176e-10	0.00237546
7.33354e-10	0.00235047
7.33532e-10	0.00232565
7.3371e-10	0.00230101
7.33888e-10	0.00227654
7.34065e-10	0.00225224
7.34243e-10	0.00222811
7.34421e-10	0.00220416
7.34599e-10	0.00218037
7.34777e-10	0.00215676
7.34955e-10	0.00213331
7.35133e-10	0.00211004
7.35311e-10	0.00208693
7.35488e-10	0.00206398
7.35666e-10	0.00204121
7.35844e-10	0.00201859
7.36022e-10	0.00199615
7.362e-10	0.00197387
7.36378e-10	0.00195175
7.36556e-10	0.00192979
7.36734e-10	0.001908
7.36911e-10	0.00188636
7.37089e-10	0.00186489
7.37267e-10	0.00184358
7.37445e-10	0.00182243
7.37623e-10	0.00180143
7.37801e-10	0.0017806
7.37979e-10	0.00175992
7.38156e-10	0.0017394
7.38334e-10	0.00171903
7.38512e-10	0.00169882
7.3869e-10	0.00167876
7.38868e-10	0.00165886
7.39046e-10	0.00163911
7.39224e-10	0.00161951
7.39402e-10	0.00160006
7.39579e-10	0.00158077
7.39757e-10	0.00156162
7.39935e-10	0.00154262
7.40113e-10	0.00152378
7.40291e-10	0.00150508
7.40469e-10	0.00148653
7.40647e-10	0.00146812
7.40825e-10	0.00144986
7.41002e-10	0.00143175
7.4118e-10	0.00141378
7.41358e-10	0.00139595
7.41536e-10	0.00137827
7.41714e-10	0.00136073
7.41892e-10	0.00134333
7.4207e-10	0.00132607
7.42247e-10	0.00130895
7.42425e-10	0.00129197
7.42603e-10	0.00127513
7.42781e-10	0.00125843
7.42959e-10	0.00124187
7.43137e-10	0.00122544
7.43315e-10	0.00120915
7.43493e-10	0.00119299
7.4367e-10	0.00117697
7.43848e-10	0.00116108
7.44026e-10	0.00114533
7.44204e-10	0.0011297
7.44382e-10	0.00111421
7.4456e-10	0.00109885
7.44738e-10	0.00108363
7.44916e-10	0.00106853
7.45093e-10	0.00105356
7.45271e-10	0.00103871
7.45449e-10	0.001024
7.45627e-10	0.00100941
7.45805e-10	0.000994951
7.45983e-10	0.000980615
7.46161e-10	0.000966403
7.46338e-10	0.000952316
7.46516e-10	0.000938353
7.46694e-10	0.000924512
7.46872e-10	0.000910793
7.4705e-10	0.000897195
7.47228e-10	0.000883718
7.47406e-10	0.000870361
7.47584e-10	0.000857123
7.47761e-10	0.000844004
7.47939e-10	0.000831002
7.48117e-10	0.000818118
7.48295e-10	0.000805351
7.48473e-10	0.000792699
7.48651e-10	0.000780162
7.48829e-10	0.00076774
7.49006e-10	0.000755432
7.49184e-10	0.000743237
7.49362e-10	0.000731154
7.4954e-10	0.000719184
7.49718e-10	0.000707324
7.49896e-10	0.000695575
7.50074e-10	0.000683935
7.50252e-10	0.000672405
7.50429e-10	0.000660983
7.50607e-10	0.000649669
7.50785e-10	0.000638462
7.50963e-10	0.000627362
7.51141e-10	0.000616367
7.51319e-10	0.000605477
7.51497e-10	0.000594693
7.51675e-10	0.000584011
7.51852e-10	0.000573434
7.5203e-10	0.000562958
7.52208e-10	0.000552585
7.52386e-10	0.000542313
7.52564e-10	0.000532141
7.52742e-10	0.00052207
7.5292e-10	0.000512097
7.53097e-10	0.000502224
7.53275e-10	0.000492448
7.53453e-10	0.00048277
7.53631e-10	0.000473189
7.53809e-10	0.000463704
7.53987e-10	0.000454315
7.54165e-10	0.00044502
7.54343e-10	0.000435819
7.5452e-10	0.000426713
7.54698e-10	0.000417699
7.54876e-10	0.000408778
7.55054e-10	0.000399948
7.55232e-10	0.00039121
7.5541e-10	0.000382562
7.55588e-10	0.000374004
7.55766e-10	0.000365536
7.55943e-10	0.000357156
7.56121e-10	0.000348864
7.56299e-10	0.00034066
7.56477e-10	0.000332543
7.56655e-10	0.000324512
7.56833e-10	0.000316566
7.57011e-10	0.000308706
7.57188e-10	0.000300931
7.57366e-10	0.000293239
7.57544e-10	0.000285631
7.57722e-10	0.000278105
7.579e-10	0.000270662
7.58078e-10	0.0002633
7.58256e-10	0.000256019
7.58434e-10	0.000248819
7.58611e-10	0.000241698
7.58789e-10	0.000234657
7.58967e-10	0.000227694
7.59145e-10	0.00022081
7.59323e-10	0.000214003
7.59501e-10	0.000207273
7.59679e-10	0.00020062
7.59856e-10	0.000194042
7.60034e-10	0.00018754
7.60212e-10	0.000181112
7.6039e-10	0.000174759
7.60568e-10	0.000168479
7.60746e-10	0.000162273
7.60924e-10	0.000156139
7.61102e-10	0.000150077
7.61279e-10	0.000144086
7.61457e-10	0.000138167
7.61635e-10	0.000132317
7.61813e-10	0.000126538
7.61991e-10	0.000120828
7.62169e-10	0.000115187
7.62347e-10	0.000109614
7.62525e-10	0.000104108
7.62702e-10	9.86704e-05
7.6288e-10	9.3299e-05
7.63058e-10	8.79938e-05
7.63236e-10	8.27542e-05
7.63414e-10	7.75798e-05
7.63592e-10	7.24699e-05
7.6377e-10	6.74242e-05
7.63947e-10	6.2442e-05
7.64125e-10	5.7523e-05
7.64303e-10	5.26665e-05
7.64481e-10	4.78722e-05
7.64659e-10	4.31394e-05
7.64837e-10	3.84677e-05
7.65015e-10	3.38566e-05
7.65193e-10	2.93056e-05
7.6537e-10	2.48143e-05
7.65548e-10	2.03821e-05
7.65726e-10	1.60085e-05
7.65904e-10	1.1693e-05
7.66082e-10	7.4353e-06
7.6626e-10	3.23477e-06
7.66438e-10	-9.09031e-07
7.66616e-10	-4.99657e-06
7.66793e-10	-9.02832e-06
7.66971e-10	-1.30048e-05
7.67149e-10	-1.69263e-05
7.67327e-10	-2.07935e-05
7.67505e-10	-2.46068e-05
7.67683e-10	-2.83665e-05
7.67861e-10	-3.20733e-05
7.68038e-10	-3.57275e-05
7.68216e-10	-3.93296e-05
7.68394e-10	-4.288e-05
7.68572e-10	-4.63792e-05
7.6875e-10	-4.98276e-05
7.68928e-10	-5.32257e-05
7.69106e-10	-5.65739e-05
7.69284e-10	-5.98726e-05
7.69461e-10	-6.31223e-05
7.69639e-10	-6.63235e-05
7.69817e-10	-6.94764e-05
7.69995e-10	-7.25817e-05
7.70173e-10	-7.56396e-05
7.70351e-10	-7.86506e-05
7.70529e-10	-8.16152e-05
7.70707e-10	-8.45338e-05
7.70884e-10	-8.74067e-05
7.71062e-10	-9.02344e-05
7.7124e-10	-9.30172e-05
7.71418e-10	-9.57557e-05
7.71596e-10	-9.84502e-05
7.71774e-10	-0.000101101
7.71952e-10	-0.000103709
7.72129e-10	-0.000106274
7.72307e-10	-0.000108796
7.72485e-10	-0.000111277
7.72663e-10	-0.000113716
7.72841e-10	-0.000116114
7.73019e-10	-0.00011847
7.73197e-10	-0.000120787
7.73375e-10	-0.000123063
7.73552e-10	-0.0001253
7.7373e-10	-0.000127498
7.73908e-10	-0.000129656
7.74086e-10	-0.000131776
7.74264e-10	-0.000133858
7.74442e-10	-0.000135902
7.7462e-10	-0.000137908
7.74797e-10	-0.000139878
7.74975e-10	-0.000141811
7.75153e-10	-0.000143707
7.75331e-10	-0.000145568
7.75509e-10	-0.000147392
7.75687e-10	-0.000149182
7.75865e-10	-0.000150936
7.76043e-10	-0.000152656
7.7622e-10	-0.000154342
7.76398e-10	-0.000155994
7.76576e-10	-0.000157612
7.76754e-10	-0.000159197
7.76932e-10	-0.00016075
7.7711e-10	-0.000162269
7.77288e-10	-0.000163757
7.77466e-10	-0.000165212
7.77643e-10	-0.000166637
7.77821e-10	-0.000168029
7.77999e-10	-0.000169391
7.78177e-10	-0.000170723
7.78355e-10	-0.000172024
7.78533e-10	-0.000173295
7.78711e-10	-0.000174537
7.78888e-10	-0.000175749
7.79066e-10	-0.000176932
7.79244e-10	-0.000178087
7.79422e-10	-0.000179213
7.796e-10	-0.000180312
7.79778e-10	-0.000181382
7.79956e-10	-0.000182425
7.80134e-10	-0.000183441
7.80311e-10	-0.00018443
7.80489e-10	-0.000185392
7.80667e-10	-0.000186328
7.80845e-10	-0.000187238
7.81023e-10	-0.000188123
7.81201e-10	-0.000188982
7.81379e-10	-0.000189816
7.81557e-10	-0.000190625
7.81734e-10	-0.000191409
7.81912e-10	-0.00019217
7.8209e-10	-0.000192906
7.82268e-10	-0.000193618
7.82446e-10	-0.000194308
7.82624e-10	-0.000194973
7.82802e-10	-0.000195616
7.82979e-10	-0.000196237
7.83157e-10	-0.000196835
7.83335e-10	-0.00019741
7.83513e-10	-0.000197964
7.83691e-10	-0.000198497
7.83869e-10	-0.000199007
7.84047e-10	-0.000199497
7.84225e-10	-0.000199966
7.84402e-10	-0.000200415
7.8458e-10	-0.000200843
7.84758e-10	-0.000201251
7.84936e-10	-0.000201639
7.85114e-10	-0.000202008
7.85292e-10	-0.000202357
7.8547e-10	-0.000202687
7.85648e-10	-0.000202998
7.85825e-10	-0.000203291
7.86003e-10	-0.000203565
7.86181e-10	-0.000203821
7.86359e-10	-0.000204059
7.86537e-10	-0.000204279
7.86715e-10	-0.000204482
7.86893e-10	-0.000204667
7.8707e-10	-0.000204836
7.87248e-10	-0.000204987
7.87426e-10	-0.000205122
7.87604e-10	-0.000205241
7.87782e-10	-0.000205344
7.8796e-10	-0.00020543
7.88138e-10	-0.000205501
7.88316e-10	-0.000205556
7.88493e-10	-0.000205596
7.88671e-10	-0.000205621
7.88849e-10	-0.000205631
7.89027e-10	-0.000205626
7.89205e-10	-0.000205606
7.89383e-10	-0.000205573
7.89561e-10	-0.000205525
7.89738e-10	-0.000205463
7.89916e-10	-0.000205388
7.90094e-10	-0.000205299
7.90272e-10	-0.000205197
7.9045e-10	-0.000205082
7.90628e-10	-0.000204953
7.90806e-10	-0.000204812
7.90984e-10	-0.000204659
7.91161e-10	-0.000204493
7.91339e-10	-0.000204314
7.91517e-10	-0.000204124
7.91695e-10	-0.000203922
7.91873e-10	-0.000203708
7.92051e-10	-0.000203483
7.92229e-10	-0.000203246
7.92407e-10	-0.000202999
7.92584e-10	-0.00020274
7.92762e-10	-0.00020247
7.9294e-10	-0.00020219
7.93118e-10	-0.000201899
7.93296e-10	-0.000201599
7.93474e-10	-0.000201287
7.93652e-10	-0.000200966
7.93829e-10	-0.000200635
7.94007e-10	-0.000200295
7.94185e-10	-0.000199945
7.94363e-10	-0.000199586
7.94541e-10	-0.000199217
7.94719e-10	-0.000198839
7.94897e-10	-0.000198453
7.95075e-10	-0.000198058
7.95252e-10	-0.000197654
7.9543e-10	-0.000197242
7.95608e-10	-0.000196821
7.95786e-10	-0.000196392
7.95964e-10	-0.000195956
7.96142e-10	-0.000195511
7.9632e-10	-0.000195059
7.96498e-10	-0.000194599
7.96675e-10	-0.000194132
7.96853e-10	-0.000193657
7.97031e-10	-0.000193175
7.97209e-10	-0.000192687
7.97387e-10	-0.000192191
7.97565e-10	-0.000191689
7.97743e-10	-0.00019118
7.9792e-10	-0.000190664
7.98098e-10	-0.000190142
7.98276e-10	-0.000189614
7.98454e-10	-0.000189079
7.98632e-10	-0.000188539
7.9881e-10	-0.000187993
7.98988e-10	-0.000187441
7.99166e-10	-0.000186883
7.99343e-10	-0.00018632
7.99521e-10	-0.000185751
7.99699e-10	-0.000185178
7.99877e-10	-0.000184599
8.00055e-10	-0.000184015
8.00233e-10	-0.000183425
8.00411e-10	-0.000182832
8.00589e-10	-0.000182233
8.00766e-10	-0.00018163
8.00944e-10	-0.000181022
8.01122e-10	-0.00018041
8.013e-10	-0.000179794
8.01478e-10	-0.000179173
8.01656e-10	-0.000178548
8.01834e-10	-0.00017792
8.02011e-10	-0.000177287
8.02189e-10	-0.000176651
8.02367e-10	-0.000176011
8.02545e-10	-0.000175367
8.02723e-10	-0.00017472
8.02901e-10	-0.00017407
8.03079e-10	-0.000173416
8.03257e-10	-0.000172759
8.03434e-10	-0.000172099
8.03612e-10	-0.000171436
8.0379e-10	-0.00017077
8.03968e-10	-0.000170101
8.04146e-10	-0.000169429
8.04324e-10	-0.000168755
8.04502e-10	-0.000168078
8.04679e-10	-0.000167399
8.04857e-10	-0.000166717
8.05035e-10	-0.000166033
8.05213e-10	-0.000165346
8.05391e-10	-0.000164658
8.05569e-10	-0.000163967
8.05747e-10	-0.000163275
8.05925e-10	-0.00016258
8.06102e-10	-0.000161884
8.0628e-10	-0.000161186
8.06458e-10	-0.000160486
8.06636e-10	-0.000159785
8.06814e-10	-0.000159082
8.06992e-10	-0.000158378
8.0717e-10	-0.000157672
8.07348e-10	-0.000156965
8.07525e-10	-0.000156256
8.07703e-10	-0.000155547
8.07881e-10	-0.000154836
8.08059e-10	-0.000154124
8.08237e-10	-0.000153412
8.08415e-10	-0.000152698
8.08593e-10	-0.000151984
8.0877e-10	-0.000151268
8.08948e-10	-0.000150552
8.09126e-10	-0.000149836
8.09304e-10	-0.000149119
8.09482e-10	-0.000148401
8.0966e-10	-0.000147683
8.09838e-10	-0.000146964
8.10016e-10	-0.000146245
8.10193e-10	-0.000145526
8.10371e-10	-0.000144806
8.10549e-10	-0.000144086
8.10727e-10	-0.000143367
8.10905e-10	-0.000142647
8.11083e-10	-0.000141927
8.11261e-10	-0.000141207
8.11439e-10	-0.000140487
8.11616e-10	-0.000139767
8.11794e-10	-0.000139048
8.11972e-10	-0.000138328
8.1215e-10	-0.000137609
8.12328e-10	-0.000136891
8.12506e-10	-0.000136173
8.12684e-10	-0.000135455
8.12861e-10	-0.000134737
8.13039e-10	-0.000134021
8.13217e-10	-0.000133304
8.13395e-10	-0.000132589
8.13573e-10	-0.000131874
8.13751e-10	-0.000131159
8.13929e-10	-0.000130446
8.14107e-10	-0.000129733
8.14284e-10	-0.000129021
8.14462e-10	-0.00012831
8.1464e-10	-0.0001276
8.14818e-10	-0.000126891
8.14996e-10	-0.000126183
8.15174e-10	-0.000125475
8.15352e-10	-0.000124769
8.1553e-10	-0.000124064
8.15707e-10	-0.000123361
8.15885e-10	-0.000122658
8.16063e-10	-0.000121956
8.16241e-10	-0.000121256
8.16419e-10	-0.000120557
8.16597e-10	-0.00011986
8.16775e-10	-0.000119163
8.16952e-10	-0.000118468
8.1713e-10	-0.000117775
8.17308e-10	-0.000117083
8.17486e-10	-0.000116392
8.17664e-10	-0.000115703
8.17842e-10	-0.000115016
8.1802e-10	-0.00011433
8.18198e-10	-0.000113645
8.18375e-10	-0.000112962
