8.89345e-14	-0.000112783
2.66804e-13	-0.000113465
4.44673e-13	-0.000114149
6.22542e-13	-0.000114835
8.00411e-13	-0.000115522
9.7828e-13	-0.000116211
1.15615e-12	-0.000116901
1.33402e-12	-0.000117593
1.51189e-12	-0.000118286
1.68976e-12	-0.00011898
1.86762e-12	-0.000119676
2.04549e-12	-0.000120374
2.22336e-12	-0.000121072
2.40123e-12	-0.000121772
2.5791e-12	-0.000122473
2.75697e-12	-0.000123176
2.93484e-12	-0.000123879
3.11271e-12	-0.000124584
3.29058e-12	-0.00012529
3.46845e-12	-0.000125996
3.64632e-12	-0.000126704
3.82418e-12	-0.000127413
4.00205e-12	-0.000128123
4.17992e-12	-0.000128834
4.35779e-12	-0.000129546
4.53566e-12	-0.000130258
4.71353e-12	-0.000130972
4.8914e-12	-0.000131686
5.06927e-12	-0.0001324
5.24714e-12	-0.000133116
5.42501e-12	-0.000133832
5.60287e-12	-0.000134549
5.78074e-12	-0.000135266
5.95861e-12	-0.000135984
6.13648e-12	-0.000136702
6.31435e-12	-0.00013742
6.49222e-12	-0.000138139
6.67009e-12	-0.000138858
6.84796e-12	-0.000139578
7.02583e-12	-0.000140298
7.2037e-12	-0.000141017
7.38156e-12	-0.000141737
7.55943e-12	-0.000142457
7.7373e-12	-0.000143177
7.91517e-12	-0.000143897
8.09304e-12	-0.000144617
8.27091e-12	-0.000145336
8.44878e-12	-0.000146056
8.62665e-12	-0.000146775
8.80452e-12	-0.000147494
8.98239e-12	-0.000148212
9.16026e-12	-0.00014893
9.33812e-12	-0.000149647
9.51599e-12	-0.000150364
9.69386e-12	-0.00015108
9.87173e-12	-0.000151795
1.00496e-11	-0.00015251
1.02275e-11	-0.000153224
1.04053e-11	-0.000153937
1.05832e-11	-0.000154649
1.07611e-11	-0.00015536
1.09389e-11	-0.00015607
1.11168e-11	-0.000156778
1.12947e-11	-0.000157486
1.14726e-11	-0.000158192
1.16504e-11	-0.000158897
1.18283e-11	-0.0001596
1.20062e-11	-0.000160302
1.2184e-11	-0.000161002
1.23619e-11	-0.000161701
1.25398e-11	-0.000162397
1.27176e-11	-0.000163092
1.28955e-11	-0.000163785
1.30734e-11	-0.000164477
1.32512e-11	-0.000165166
1.34291e-11	-0.000165852
1.3607e-11	-0.000166537
1.37848e-11	-0.00016722
1.39627e-11	-0.0001679
1.41406e-11	-0.000168577
1.43185e-11	-0.000169252
1.44963e-11	-0.000169924
1.46742e-11	-0.000170594
1.48521e-11	-0.000171261
1.50299e-11	-0.000171925
1.52078e-11	-0.000172585
1.53857e-11	-0.000173243
1.55635e-11	-0.000173898
1.57414e-11	-0.000174549
1.59193e-11	-0.000175197
1.60971e-11	-0.000175842
1.6275e-11	-0.000176483
1.64529e-11	-0.00017712
1.66308e-11	-0.000177754
1.68086e-11	-0.000178383
1.69865e-11	-0.000179009
1.71644e-11	-0.000179631
1.73422e-11	-0.000180248
1.75201e-11	-0.000180862
1.7698e-11	-0.00018147
1.78758e-11	-0.000182075
1.80537e-11	-0.000182675
1.82316e-11	-0.00018327
1.84094e-11	-0.00018386
1.85873e-11	-0.000184445
1.87652e-11	-0.000185026
1.89431e-11	-0.000185601
1.91209e-11	-0.000186171
1.92988e-11	-0.000186736
1.94767e-11	-0.000187295
1.96545e-11	-0.000187848
1.98324e-11	-0.000188396
2.00103e-11	-0.000188938
2.01881e-11	-0.000189474
2.0366e-11	-0.000190004
2.05439e-11	-0.000190527
2.07217e-11	-0.000191045
2.08996e-11	-0.000191555
2.10775e-11	-0.00019206
2.12553e-11	-0.000192557
2.14332e-11	-0.000193048
2.16111e-11	-0.000193531
2.1789e-11	-0.000194008
2.19668e-11	-0.000194477
2.21447e-11	-0.000194939
2.23226e-11	-0.000195393
2.25004e-11	-0.00019584
2.26783e-11	-0.000196278
2.28562e-11	-0.000196709
2.3034e-11	-0.000197132
2.32119e-11	-0.000197546
2.33898e-11	-0.000197952
2.35676e-11	-0.00019835
2.37455e-11	-0.000198739
2.39234e-11	-0.000199118
2.41013e-11	-0.000199489
2.42791e-11	-0.000199851
2.4457e-11	-0.000200204
2.46349e-11	-0.000200547
2.48127e-11	-0.00020088
2.49906e-11	-0.000201204
2.51685e-11	-0.000201518
2.53463e-11	-0.000201821
2.55242e-11	-0.000202115
2.57021e-11	-0.000202398
2.58799e-11	-0.00020267
2.60578e-11	-0.000202932
2.62357e-11	-0.000203182
2.64136e-11	-0.000203422
2.65914e-11	-0.00020365
2.67693e-11	-0.000203867
2.69472e-11	-0.000204072
2.7125e-11	-0.000204265
2.73029e-11	-0.000204447
2.74808e-11	-0.000204616
2.76586e-11	-0.000204773
2.78365e-11	-0.000204917
2.80144e-11	-0.000205049
2.81922e-11	-0.000205168
2.83701e-11	-0.000205274
2.8548e-11	-0.000205366
2.87258e-11	-0.000205445
2.89037e-11	-0.00020551
2.90816e-11	-0.000205562
2.92595e-11	-0.000205599
2.94373e-11	-0.000205622
2.96152e-11	-0.000205631
2.97931e-11	-0.000205625
2.99709e-11	-0.000205604
3.01488e-11	-0.000205568
3.03267e-11	-0.000205517
3.05045e-11	-0.00020545
3.06824e-11	-0.000205368
3.08603e-11	-0.00020527
3.10381e-11	-0.000205155
3.1216e-11	-0.000205025
3.13939e-11	-0.000204877
3.15718e-11	-0.000204713
3.17496e-11	-0.000204532
3.19275e-11	-0.000204334
3.21054e-11	-0.000204118
3.22832e-11	-0.000203885
3.24611e-11	-0.000203634
3.2639e-11	-0.000203365
3.28168e-11	-0.000203077
3.29947e-11	-0.000202771
3.31726e-11	-0.000202446
3.33504e-11	-0.000202101
3.35283e-11	-0.000201738
3.37062e-11	-0.000201355
3.38841e-11	-0.000200952
3.40619e-11	-0.000200529
3.42398e-11	-0.000200086
3.44177e-11	-0.000199623
3.45955e-11	-0.000199138
3.47734e-11	-0.000198633
3.49513e-11	-0.000198106
3.51291e-11	-0.000197558
3.5307e-11	-0.000196988
3.54849e-11	-0.000196396
3.56627e-11	-0.000195782
3.58406e-11	-0.000195145
3.60185e-11	-0.000194485
3.61963e-11	-0.000193802
3.63742e-11	-0.000193096
3.65521e-11	-0.000192366
3.673e-11	-0.000191612
3.69078e-11	-0.000190834
3.70857e-11	-0.000190031
3.72636e-11	-0.000189204
3.74414e-11	-0.000188351
3.76193e-11	-0.000187474
3.77972e-11	-0.00018657
3.7975e-11	-0.000185641
3.81529e-11	-0.000184686
3.83308e-11	-0.000183704
3.85086e-11	-0.000182695
3.86865e-11	-0.000181659
3.88644e-11	-0.000180596
3.90423e-11	-0.000179505
3.92201e-11	-0.000178386
3.9398e-11	-0.000177239
3.95759e-11	-0.000176063
3.97537e-11	-0.000174858
3.99316e-11	-0.000173625
4.01095e-11	-0.000172361
4.02873e-11	-0.000171068
4.04652e-11	-0.000169745
4.06431e-11	-0.000168391
4.08209e-11	-0.000167006
4.09988e-11	-0.00016559
4.11767e-11	-0.000164143
4.13545e-11	-0.000162664
4.15324e-11	-0.000161153
4.17103e-11	-0.000159609
4.18882e-11	-0.000158033
4.2066e-11	-0.000156423
4.22439e-11	-0.00015478
4.24218e-11	-0.000153103
4.25996e-11	-0.000151392
4.27775e-11	-0.000149647
4.29554e-11	-0.000147866
4.31332e-11	-0.000146051
4.33111e-11	-0.0001442
4.3489e-11	-0.000142313
4.36668e-11	-0.00014039
4.38447e-11	-0.00013843
4.40226e-11	-0.000136433
4.42005e-11	-0.000134399
4.43783e-11	-0.000132327
4.45562e-11	-0.000130218
4.47341e-11	-0.000128069
4.49119e-11	-0.000125882
4.50898e-11	-0.000123656
4.52677e-11	-0.00012139
4.54455e-11	-0.000119084
4.56234e-11	-0.000116738
4.58013e-11	-0.000114351
4.59791e-11	-0.000111923
4.6157e-11	-0.000109453
4.63349e-11	-0.000106941
4.65128e-11	-0.000104388
4.66906e-11	-0.000101791
4.68685e-11	-9.91518e-05
4.70464e-11	-9.64688e-05
4.72242e-11	-9.37419e-05
4.74021e-11	-9.09708e-05
4.758e-11	-8.81549e-05
4.77578e-11	-8.52939e-05
4.79357e-11	-8.23875e-05
4.81136e-11	-7.9435e-05
4.82914e-11	-7.64362e-05
4.84693e-11	-7.33907e-05
4.86472e-11	-7.02979e-05
4.8825e-11	-6.71576e-05
4.90029e-11	-6.39691e-05
4.91808e-11	-6.07322e-05
4.93587e-11	-5.74464e-05
4.95365e-11	-5.41113e-05
4.97144e-11	-5.07264e-05
4.98923e-11	-4.72912e-05
5.00701e-11	-4.38054e-05
5.0248e-11	-4.02685e-05
5.04259e-11	-3.66801e-05
5.06037e-11	-3.30397e-05
5.07816e-11	-2.93468e-05
5.09595e-11	-2.5601e-05
5.11373e-11	-2.18019e-05
5.13152e-11	-1.79489e-05
5.14931e-11	-1.40417e-05
5.1671e-11	-1.00797e-05
5.18488e-11	-6.06259e-06
5.20267e-11	-1.98977e-06
5.22046e-11	2.13919e-06
5.23824e-11	6.32475e-06
5.25603e-11	1.05674e-05
5.27382e-11	1.48676e-05
5.2916e-11	1.92258e-05
5.30939e-11	2.36426e-05
5.32718e-11	2.81184e-05
5.34496e-11	3.26536e-05
5.36275e-11	3.72488e-05
5.38054e-11	4.19045e-05
5.39833e-11	4.66212e-05
5.41611e-11	5.13993e-05
5.4339e-11	5.62394e-05
5.45169e-11	6.11419e-05
5.46947e-11	6.61074e-05
5.48726e-11	7.11364e-05
5.50505e-11	7.62293e-05
5.52283e-11	8.13867e-05
5.54062e-11	8.66091e-05
5.55841e-11	9.1897e-05
5.57619e-11	9.72509e-05
5.59398e-11	0.000102671
5.61177e-11	0.000108159
5.62955e-11	0.000113714
5.64734e-11	0.000119337
5.66513e-11	0.000125029
5.68292e-11	0.00013079
5.7007e-11	0.000136621
5.71849e-11	0.000142522
5.73628e-11	0.000148494
5.75406e-11	0.000154537
5.77185e-11	0.000160652
5.78964e-11	0.000166839
5.80742e-11	0.0001731
5.82521e-11	0.000179434
5.843e-11	0.000185842
5.86078e-11	0.000192324
5.87857e-11	0.000198882
5.89636e-11	0.000205515
5.91415e-11	0.000212225
5.93193e-11	0.000219012
5.94972e-11	0.000225876
5.96751e-11	0.000232818
5.98529e-11	0.000239838
6.00308e-11	0.000246938
6.02087e-11	0.000254117
6.03865e-11	0.000261377
6.05644e-11	0.000268717
6.07423e-11	0.000276139
6.09201e-11	0.000283643
6.1098e-11	0.000291229
6.12759e-11	0.000298899
6.14538e-11	0.000306653
6.16316e-11	0.00031449
6.18095e-11	0.000322413
6.19874e-11	0.000330422
6.21652e-11	0.000338516
6.23431e-11	0.000346697
6.2521e-11	0.000354966
6.26988e-11	0.000363322
6.28767e-11	0.000371768
6.30546e-11	0.000380302
6.32324e-11	0.000388926
6.34103e-11	0.00039764
6.35882e-11	0.000406446
6.3766e-11	0.000415343
6.39439e-11	0.000424332
6.41218e-11	0.000433415
6.42997e-11	0.00044259
6.44775e-11	0.00045186
6.46554e-11	0.000461225
6.48333e-11	0.000470685
6.50111e-11	0.000480241
6.5189e-11	0.000489893
6.53669e-11	0.000499643
6.55447e-11	0.00050949
6.57226e-11	0.000519437
6.59005e-11	0.000529482
6.60783e-11	0.000539627
6.62562e-11	0.000549873
6.64341e-11	0.00056022
6.6612e-11	0.000570668
6.67898e-11	0.000581219
6.69677e-11	0.000591873
6.71456e-11	0.00060263
6.73234e-11	0.000613492
6.75013e-11	0.000624459
6.76792e-11	0.000635531
6.7857e-11	0.00064671
6.80349e-11	0.000657996
6.82128e-11	0.00066939
6.83906e-11	0.000680891
6.85685e-11	0.000692502
6.87464e-11	0.000704222
6.89242e-11	0.000716053
6.91021e-11	0.000727994
6.928e-11	0.000740048
6.94579e-11	0.000752213
6.96357e-11	0.000764491
6.98136e-11	0.000776884
6.99915e-11	0.00078939
7.01693e-11	0.000802011
7.03472e-11	0.000814748
7.05251e-11	0.000827602
7.07029e-11	0.000840572
7.08808e-11	0.00085366
7.10587e-11	0.000866867
7.12365e-11	0.000880192
7.14144e-11	0.000893638
7.15923e-11	0.000907204
7.17702e-11	0.000920891
7.1948e-11	0.0009347
7.21259e-11	0.000948631
7.23038e-11	0.000962686
7.24816e-11	0.000976864
7.26595e-11	0.000991167
7.28374e-11	0.0010056
7.30152e-11	0.00102015
7.31931e-11	0.00103483
7.3371e-11	0.00104964
7.35488e-11	0.00106458
7.37267e-11	0.00107964
7.39046e-11	0.00109484
7.40825e-11	0.00111016
7.42603e-11	0.00112562
7.44382e-11	0.0011412
7.46161e-11	0.00115692
7.47939e-11	0.00117278
7.49718e-11	0.00118876
7.51497e-11	0.00120488
7.53275e-11	0.00122114
7.55054e-11	0.00123753
7.56833e-11	0.00125406
7.58611e-11	0.00127072
7.6039e-11	0.00128753
7.62169e-11	0.00130447
7.63947e-11	0.00132155
7.65726e-11	0.00133877
7.67505e-11	0.00135613
7.69284e-11	0.00137364
7.71062e-11	0.00139128
7.72841e-11	0.00140907
7.7462e-11	0.001427
7.76398e-11	0.00144508
7.78177e-11	0.0014633
7.79956e-11	0.00148167
7.81734e-11	0.00150018
7.83513e-11	0.00151884
7.85292e-11	0.00153765
7.8707e-11	0.00155661
7.88849e-11	0.00157572
7.90628e-11	0.00159497
7.92407e-11	0.00161438
7.94185e-11	0.00163394
7.95964e-11	0.00165365
7.97743e-11	0.00167351
7.99521e-11	0.00169353
8.013e-11	0.0017137
8.03079e-11	0.00173402
8.04857e-11	0.0017545
8.06636e-11	0.00177514
8.08415e-11	0.00179594
8.10193e-11	0.00181689
8.11972e-11	0.001838
8.13751e-11	0.00185927
8.1553e-11	0.0018807
8.17308e-11	0.00190229
8.19087e-11	0.00192404
8.20866e-11	0.00194595
8.22644e-11	0.00196803
8.24423e-11	0.00199027
8.26202e-11	0.00201267
8.2798e-11	0.00203524
8.29759e-11	0.00205797
8.31538e-11	0.00208087
8.33316e-11	0.00210394
8.35095e-11	0.00212717
8.36874e-11	0.00215058
8.38652e-11	0.00217415
8.40431e-11	0.00219789
8.4221e-11	0.0022218
8.43989e-11	0.00224588
8.45767e-11	0.00227013
8.47546e-11	0.00229455
8.49325e-11	0.00231915
8.51103e-11	0.00234392
8.52882e-11	0.00236887
8.54661e-11	0.00239399
8.56439e-11	0.00241929
8.58218e-11	0.00244476
8.59997e-11	0.00247041
8.61775e-11	0.00249623
8.63554e-11	0.00252224
8.65333e-11	0.00254842
8.67112e-11	0.00257479
8.6889e-11	0.00260133
8.70669e-11	0.00262805
8.72448e-11	0.00265496
8.74226e-11	0.00268205
8.76005e-11	0.00270932
8.77784e-11	0.00273677
8.79562e-11	0.00276441
8.81341e-11	0.00279223
8.8312e-11	0.00282024
8.84898e-11	0.00284843
8.86677e-11	0.00287681
8.88456e-11	0.00290538
8.90234e-11	0.00293414
8.92013e-11	0.00296308
8.93792e-11	0.00299221
8.95571e-11	0.00302153
8.97349e-11	0.00305105
8.99128e-11	0.00308075
9.00907e-11	0.00311064
9.02685e-11	0.00314073
9.04464e-11	0.00317101
9.06243e-11	0.00320148
9.08021e-11	0.00323215
9.098e-11	0.00326301
9.11579e-11	0.00329406
9.13357e-11	0.00332532
9.15136e-11	0.00335676
9.16915e-11	0.00338841
9.18694e-11	0.00342025
9.20472e-11	0.00345228
9.22251e-11	0.00348452
9.2403e-11	0.00351696
9.25808e-11	0.00354959
9.27587e-11	0.00358242
9.29366e-11	0.00361546
9.31144e-11	0.0036487
9.32923e-11	0.00368213
9.34702e-11	0.00371577
9.3648e-11	0.00374961
9.38259e-11	0.00378366
9.40038e-11	0.00381791
9.41817e-11	0.00385236
9.43595e-11	0.00388701
9.45374e-11	0.00392188
9.47153e-11	0.00395694
9.48931e-11	0.00399221
9.5071e-11	0.00402769
9.52489e-11	0.00406338
9.54267e-11	0.00409927
9.56046e-11	0.00413537
9.57825e-11	0.00417168
9.59603e-11	0.0042082
9.61382e-11	0.00424493
9.63161e-11	0.00428186
9.64939e-11	0.00431901
9.66718e-11	0.00435636
9.68497e-11	0.00439393
9.70276e-11	0.00443171
9.72054e-11	0.0044697
9.73833e-11	0.0045079
9.75612e-11	0.00454631
9.7739e-11	0.00458494
9.79169e-11	0.00462378
9.80948e-11	0.00466283
9.82726e-11	0.00470209
9.84505e-11	0.00474157
9.86284e-11	0.00478127
9.88062e-11	0.00482118
9.89841e-11	0.0048613
9.9162e-11	0.00490164
9.93399e-11	0.0049422
9.95177e-11	0.00498297
9.96956e-11	0.00502395
9.98735e-11	0.00506516
1.00051e-10	0.00510658
1.00229e-10	0.00514821
1.00407e-10	0.00519007
1.00585e-10	0.00523214
1.00763e-10	0.00527443
1.00941e-10	0.00531694
1.01119e-10	0.00535966
1.01296e-10	0.00540261
1.01474e-10	0.00544577
1.01652e-10	0.00548915
1.0183e-10	0.00553276
1.02008e-10	0.00557658
1.02186e-10	0.00562061
1.02364e-10	0.00566487
1.02541e-10	0.00570935
1.02719e-10	0.00575405
1.02897e-10	0.00579897
1.03075e-10	0.00584411
1.03253e-10	0.00588947
1.03431e-10	0.00593505
1.03609e-10	0.00598085
1.03787e-10	0.00602687
1.03964e-10	0.00607311
1.04142e-10	0.00611957
1.0432e-10	0.00616625
1.04498e-10	0.00621315
1.04676e-10	0.00626027
1.04854e-10	0.00630762
1.05032e-10	0.00635518
1.0521e-10	0.00640297
1.05387e-10	0.00645097
1.05565e-10	0.0064992
1.05743e-10	0.00654765
1.05921e-10	0.00659632
1.06099e-10	0.0066452
1.06277e-10	0.00669431
1.06455e-10	0.00674364
1.06632e-10	0.00679319
1.0681e-10	0.00684296
1.06988e-10	0.00689295
1.07166e-10	0.00694316
1.07344e-10	0.00699359
1.07522e-10	0.00704424
1.077e-10	0.00709511
1.07878e-10	0.0071462
1.08055e-10	0.0071975
1.08233e-10	0.00724903
1.08411e-10	0.00730077
1.08589e-10	0.00735274
1.08767e-10	0.00740492
1.08945e-10	0.00745732
1.09123e-10	0.00750993
1.09301e-10	0.00756277
1.09478e-10	0.00761582
1.09656e-10	0.00766909
1.09834e-10	0.00772257
1.10012e-10	0.00777627
1.1019e-10	0.00783019
1.10368e-10	0.00788432
1.10546e-10	0.00793866
1.10723e-10	0.00799323
1.10901e-10	0.008048
1.11079e-10	0.00810299
1.11257e-10	0.00815819
1.11435e-10	0.00821361
1.11613e-10	0.00826923
1.11791e-10	0.00832507
1.11969e-10	0.00838112
1.12146e-10	0.00843738
1.12324e-10	0.00849386
1.12502e-10	0.00855054
1.1268e-10	0.00860743
1.12858e-10	0.00866453
1.13036e-10	0.00872184
1.13214e-10	0.00877935
1.13392e-10	0.00883707
1.13569e-10	0.008895
1.13747e-10	0.00895313
1.13925e-10	0.00901147
1.14103e-10	0.00907001
1.14281e-10	0.00912876
1.14459e-10	0.00918771
1.14637e-10	0.00924686
1.14814e-10	0.00930621
1.14992e-10	0.00936576
1.1517e-10	0.00942551
1.15348e-10	0.00948546
1.15526e-10	0.00954561
1.15704e-10	0.00960596
1.15882e-10	0.0096665
1.1606e-10	0.00972723
1.16237e-10	0.00978816
1.16415e-10	0.00984929
1.16593e-10	0.00991061
1.16771e-10	0.00997212
1.16949e-10	0.0100338
1.17127e-10	0.0100957
1.17305e-10	0.0101578
1.17482e-10	0.01022
1.1766e-10	0.0102825
1.17838e-10	0.0103451
1.18016e-10	0.010408
1.18194e-10	0.010471
1.18372e-10	0.0105342
1.1855e-10	0.0105975
1.18728e-10	0.0106611
1.18905e-10	0.0107248
1.19083e-10	0.0107887
1.19261e-10	0.0108528
1.19439e-10	0.010917
1.19617e-10	0.0109815
1.19795e-10	0.0110461
1.19973e-10	0.0111108
1.20151e-10	0.0111758
1.20328e-10	0.0112409
1.20506e-10	0.0113062
1.20684e-10	0.0113716
1.20862e-10	0.0114372
1.2104e-10	0.011503
1.21218e-10	0.0115689
1.21396e-10	0.011635
1.21573e-10	0.0117013
1.21751e-10	0.0117677
1.21929e-10	0.0118342
1.22107e-10	0.011901
1.22285e-10	0.0119678
1.22463e-10	0.0120348
1.22641e-10	0.012102
1.22819e-10	0.0121693
1.22996e-10	0.0122368
1.23174e-10	0.0123044
1.23352e-10	0.0123721
1.2353e-10	0.01244
1.23708e-10	0.0125081
1.23886e-10	0.0125762
1.24064e-10	0.0126445
1.24242e-10	0.0127129
1.24419e-10	0.0127815
1.24597e-10	0.0128502
1.24775e-10	0.012919
1.24953e-10	0.012988
1.25131e-10	0.013057
1.25309e-10	0.0131262
1.25487e-10	0.0131955
1.25664e-10	0.0132649
1.25842e-10	0.0133345
1.2602e-10	0.0134041
1.26198e-10	0.0134739
1.26376e-10	0.0135438
1.26554e-10	0.0136138
1.26732e-10	0.0136839
1.2691e-10	0.013754
1.27087e-10	0.0138243
1.27265e-10	0.0138947
1.27443e-10	0.0139652
1.27621e-10	0.0140358
1.27799e-10	0.0141065
1.27977e-10	0.0141772
1.28155e-10	0.0142481
1.28333e-10	0.014319
1.2851e-10	0.01439
1.28688e-10	0.0144611
1.28866e-10	0.0145322
1.29044e-10	0.0146035
1.29222e-10	0.0146748
1.294e-10	0.0147462
1.29578e-10	0.0148176
1.29755e-10	0.0148891
1.29933e-10	0.0149607
1.30111e-10	0.0150323
1.30289e-10	0.015104
1.30467e-10	0.0151758
1.30645e-10	0.0152475
1.30823e-10	0.0153194
1.31001e-10	0.0153913
1.31178e-10	0.0154632
1.31356e-10	0.0155351
1.31534e-10	0.0156071
1.31712e-10	0.0156792
1.3189e-10	0.0157512
1.32068e-10	0.0158233
1.32246e-10	0.0158954
1.32423e-10	0.0159675
1.32601e-10	0.0160397
1.32779e-10	0.0161118
1.32957e-10	0.016184
1.33135e-10	0.0162562
1.33313e-10	0.0163284
1.33491e-10	0.0164006
1.33669e-10	0.0164728
1.33846e-10	0.0165449
1.34024e-10	0.0166171
1.34202e-10	0.0166893
1.3438e-10	0.0167614
1.34558e-10	0.0168336
1.34736e-10	0.0169057
1.34914e-10	0.0169778
1.35092e-10	0.0170498
1.35269e-10	0.0171218
1.35447e-10	0.0171938
1.35625e-10	0.0172658
1.35803e-10	0.0173377
1.35981e-10	0.0174095
1.36159e-10	0.0174814
1.36337e-10	0.0175531
1.36514e-10	0.0176248
1.36692e-10	0.0176964
1.3687e-10	0.017768
1.37048e-10	0.0178395
1.37226e-10	0.0179109
1.37404e-10	0.0179823
1.37582e-10	0.0180536
1.3776e-10	0.0181248
1.37937e-10	0.0181959
1.38115e-10	0.0182669
1.38293e-10	0.0183378
1.38471e-10	0.0184086
1.38649e-10	0.0184793
1.38827e-10	0.0185499
1.39005e-10	0.0186204
1.39183e-10	0.0186907
1.3936e-10	0.018761
1.39538e-10	0.0188311
1.39716e-10	0.0189011
1.39894e-10	0.0189709
1.40072e-10	0.0190406
1.4025e-10	0.0191102
1.40428e-10	0.0191796
1.40605e-10	0.0192489
1.40783e-10	0.019318
1.40961e-10	0.0193869
1.41139e-10	0.0194557
1.41317e-10	0.0195243
1.41495e-10	0.0195928
1.41673e-10	0.019661
1.41851e-10	0.0197291
1.42028e-10	0.019797
1.42206e-10	0.0198647
1.42384e-10	0.0199322
1.42562e-10	0.0199995
1.4274e-10	0.0200665
1.42918e-10	0.0201334
1.43096e-10	0.0202
1.43274e-10	0.0202665
1.43451e-10	0.0203327
1.43629e-10	0.0203986
1.43807e-10	0.0204643
1.43985e-10	0.0205298
1.44163e-10	0.020595
1.44341e-10	0.02066
1.44519e-10	0.0207247
1.44696e-10	0.0207892
1.44874e-10	0.0208533
1.45052e-10	0.0209172
1.4523e-10	0.0209809
1.45408e-10	0.0210442
1.45586e-10	0.0211073
1.45764e-10	0.02117
1.45942e-10	0.0212324
1.46119e-10	0.0212946
1.46297e-10	0.0213564
1.46475e-10	0.0214179
1.46653e-10	0.0214791
1.46831e-10	0.02154
1.47009e-10	0.0216005
1.47187e-10	0.0216606
1.47364e-10	0.0217205
1.47542e-10	0.0217799
1.4772e-10	0.021839
1.47898e-10	0.0218978
1.48076e-10	0.0219562
1.48254e-10	0.0220142
1.48432e-10	0.0220718
1.4861e-10	0.022129
1.48787e-10	0.0221859
1.48965e-10	0.0222423
1.49143e-10	0.0222983
1.49321e-10	0.0223539
1.49499e-10	0.0224091
1.49677e-10	0.0224639
1.49855e-10	0.0225182
1.50033e-10	0.0225721
1.5021e-10	0.0226256
1.50388e-10	0.0226786
1.50566e-10	0.0227311
1.50744e-10	0.0227832
1.50922e-10	0.0228348
1.511e-10	0.022886
1.51278e-10	0.0229366
1.51455e-10	0.0229868
1.51633e-10	0.0230364
1.51811e-10	0.0230856
1.51989e-10	0.0231343
1.52167e-10	0.0231824
1.52345e-10	0.02323
1.52523e-10	0.0232771
1.52701e-10	0.0233237
1.52878e-10	0.0233697
1.53056e-10	0.0234151
1.53234e-10	0.02346
1.53412e-10	0.0235044
1.5359e-10	0.0235481
1.53768e-10	0.0235913
1.53946e-10	0.0236339
1.54124e-10	0.0236759
1.54301e-10	0.0237173
1.54479e-10	0.0237581
1.54657e-10	0.0237983
1.54835e-10	0.0238379
1.55013e-10	0.0238769
1.55191e-10	0.0239152
1.55369e-10	0.0239528
1.55546e-10	0.0239898
1.55724e-10	0.0240262
1.55902e-10	0.0240619
1.5608e-10	0.0240969
1.56258e-10	0.0241313
1.56436e-10	0.0241649
1.56614e-10	0.0241979
1.56792e-10	0.0242302
1.56969e-10	0.0242617
1.57147e-10	0.0242925
1.57325e-10	0.0243227
1.57503e-10	0.024352
1.57681e-10	0.0243807
1.57859e-10	0.0244086
1.58037e-10	0.0244357
1.58215e-10	0.0244621
1.58392e-10	0.0244877
1.5857e-10	0.0245125
1.58748e-10	0.0245365
1.58926e-10	0.0245598
1.59104e-10	0.0245822
1.59282e-10	0.0246038
1.5946e-10	0.0246246
1.59637e-10	0.0246446
1.59815e-10	0.0246637
1.59993e-10	0.024682
1.60171e-10	0.0246995
1.60349e-10	0.0247161
1.60527e-10	0.0247318
1.60705e-10	0.0247466
1.60883e-10	0.0247606
1.6106e-10	0.0247737
1.61238e-10	0.0247858
1.61416e-10	0.0247971
1.61594e-10	0.0248074
1.61772e-10	0.0248168
1.6195e-10	0.0248253
1.62128e-10	0.0248329
1.62305e-10	0.0248394
1.62483e-10	0.0248451
1.62661e-10	0.0248497
1.62839e-10	0.0248534
1.63017e-10	0.0248561
1.63195e-10	0.0248578
1.63373e-10	0.0248584
1.63551e-10	0.0248581
1.63728e-10	0.0248568
1.63906e-10	0.0248544
1.64084e-10	0.024851
1.64262e-10	0.0248465
1.6444e-10	0.024841
1.64618e-10	0.0248344
1.64796e-10	0.0248268
1.64974e-10	0.024818
1.65151e-10	0.0248082
1.65329e-10	0.0247973
1.65507e-10	0.0247852
1.65685e-10	0.0247721
1.65863e-10	0.0247578
1.66041e-10	0.0247424
1.66219e-10	0.0247258
1.66396e-10	0.0247081
1.66574e-10	0.0246892
1.66752e-10	0.0246691
1.6693e-10	0.0246479
1.67108e-10	0.0246254
1.67286e-10	0.0246018
1.67464e-10	0.0245769
1.67642e-10	0.0245509
1.67819e-10	0.0245236
1.67997e-10	0.024495
1.68175e-10	0.0244652
1.68353e-10	0.0244342
1.68531e-10	0.0244019
1.68709e-10	0.0243683
1.68887e-10	0.0243334
1.69065e-10	0.0242973
1.69242e-10	0.0242598
1.6942e-10	0.024221
1.69598e-10	0.0241809
1.69776e-10	0.0241394
1.69954e-10	0.0240966
1.70132e-10	0.0240525
1.7031e-10	0.024007
1.70487e-10	0.0239601
1.70665e-10	0.0239119
1.70843e-10	0.0238622
1.71021e-10	0.0238112
1.71199e-10	0.0237587
1.71377e-10	0.0237048
1.71555e-10	0.0236495
1.71733e-10	0.0235928
1.7191e-10	0.0235346
1.72088e-10	0.0234749
1.72266e-10	0.0234138
1.72444e-10	0.0233512
1.72622e-10	0.0232871
1.728e-10	0.0232215
1.72978e-10	0.0231544
1.73156e-10	0.0230858
1.73333e-10	0.0230157
1.73511e-10	0.022944
1.73689e-10	0.0228707
1.73867e-10	0.022796
1.74045e-10	0.0227196
1.74223e-10	0.0226417
1.74401e-10	0.0225621
1.74578e-10	0.022481
1.74756e-10	0.0223983
1.74934e-10	0.0223139
1.75112e-10	0.022228
1.7529e-10	0.0221404
1.75468e-10	0.0220511
1.75646e-10	0.0219602
1.75824e-10	0.0218676
1.76001e-10	0.0217733
1.76179e-10	0.0216774
1.76357e-10	0.0215797
1.76535e-10	0.0214804
1.76713e-10	0.0213793
1.76891e-10	0.0212765
1.77069e-10	0.0211719
1.77246e-10	0.0210656
1.77424e-10	0.0209576
1.77602e-10	0.0208478
1.7778e-10	0.0207362
1.77958e-10	0.0206228
1.78136e-10	0.0205076
1.78314e-10	0.0203906
1.78492e-10	0.0202718
1.78669e-10	0.0201511
1.78847e-10	0.0200286
1.79025e-10	0.0199043
1.79203e-10	0.0197781
1.79381e-10	0.01965
1.79559e-10	0.0195201
1.79737e-10	0.0193882
1.79915e-10	0.0192545
1.80092e-10	0.0191188
1.8027e-10	0.0189813
1.80448e-10	0.0188418
1.80626e-10	0.0187003
1.80804e-10	0.0185569
1.80982e-10	0.0184116
1.8116e-10	0.0182642
1.81337e-10	0.0181149
1.81515e-10	0.0179636
1.81693e-10	0.0178103
1.81871e-10	0.017655
1.82049e-10	0.0174976
1.82227e-10	0.0173382
1.82405e-10	0.0171768
1.82583e-10	0.0170133
1.8276e-10	0.0168478
1.82938e-10	0.0166802
1.83116e-10	0.0165105
1.83294e-10	0.0163387
1.83472e-10	0.0161648
1.8365e-10	0.0159888
1.83828e-10	0.0158107
1.84006e-10	0.0156304
1.84183e-10	0.015448
1.84361e-10	0.0152635
1.84539e-10	0.0150768
1.84717e-10	0.0148879
1.84895e-10	0.0146968
1.85073e-10	0.0145035
1.85251e-10	0.014308
1.85428e-10	0.0141103
1.85606e-10	0.0139104
1.85784e-10	0.0137083
1.85962e-10	0.0135039
1.8614e-10	0.0132973
1.86318e-10	0.0130884
1.86496e-10	0.0128772
1.86674e-10	0.0126637
1.86851e-10	0.012448
1.87029e-10	0.0122299
1.87207e-10	0.0120095
1.87385e-10	0.0117869
1.87563e-10	0.0115618
1.87741e-10	0.0113345
1.87919e-10	0.0111048
1.88096e-10	0.0108727
1.88274e-10	0.0106383
1.88452e-10	0.0104014
1.8863e-10	0.0101622
1.88808e-10	0.00992062
1.88986e-10	0.00967661
1.89164e-10	0.00943018
1.89342e-10	0.00918132
1.89519e-10	0.00893002
1.89697e-10	0.00867628
1.89875e-10	0.00842008
1.90053e-10	0.00816142
1.90231e-10	0.00790028
1.90409e-10	0.00763667
1.90587e-10	0.00737055
1.90765e-10	0.00710194
1.90942e-10	0.00683082
1.9112e-10	0.00655717
1.91298e-10	0.006281
1.91476e-10	0.00600229
1.91654e-10	0.00572103
1.91832e-10	0.00543722
1.9201e-10	0.00515084
1.92187e-10	0.00486188
1.92365e-10	0.00457034
1.92543e-10	0.00427621
1.92721e-10	0.00397948
1.92899e-10	0.00368014
1.93077e-10	0.00337818
1.93255e-10	0.00307359
1.93433e-10	0.00276637
1.9361e-10	0.0024565
1.93788e-10	0.00214398
1.93966e-10	0.0018288
1.94144e-10	0.00151095
1.94322e-10	0.00119041
1.945e-10	0.000867194
1.94678e-10	0.00054128
1.94856e-10	0.000212661
1.95033e-10	-0.00011867
1.95211e-10	-0.000452721
1.95389e-10	-0.000789501
1.95567e-10	-0.00112902
1.95745e-10	-0.00147128
1.95923e-10	-0.00181629
1.96101e-10	-0.00216407
1.96278e-10	-0.00251461
1.96456e-10	-0.00286794
1.96634e-10	-0.00322404
1.96812e-10	-0.00358294
1.9699e-10	-0.00394464
1.97168e-10	-0.00430915
1.97346e-10	-0.00467647
1.97524e-10	-0.00504661
1.97701e-10	-0.00541959
1.97879e-10	-0.0057954
1.98057e-10	-0.00617406
1.98235e-10	-0.00655557
1.98413e-10	-0.00693995
1.98591e-10	-0.00732719
1.98769e-10	-0.0077173
1.98947e-10	-0.0081103
1.99124e-10	-0.00850618
1.99302e-10	-0.00890496
1.9948e-10	-0.00930664
1.99658e-10	-0.00971124
1.99836e-10	-0.0101187
2.00014e-10	-0.0105292
2.00192e-10	-0.0109425
2.00369e-10	-0.0113588
2.00547e-10	-0.0117781
2.00725e-10	-0.0122003
2.00903e-10	-0.0126254
2.01081e-10	-0.0130535
2.01259e-10	-0.0134846
2.01437e-10	-0.0139186
2.01615e-10	-0.0143557
2.01792e-10	-0.0147957
2.0197e-10	-0.0152387
2.02148e-10	-0.0156847
2.02326e-10	-0.0161337
2.02504e-10	-0.0165857
2.02682e-10	-0.0170408
2.0286e-10	-0.0174988
2.03037e-10	-0.0179599
2.03215e-10	-0.018424
2.03393e-10	-0.0188912
2.03571e-10	-0.0193614
2.03749e-10	-0.0198346
2.03927e-10	-0.0203109
2.04105e-10	-0.0207903
2.04283e-10	-0.0212727
2.0446e-10	-0.0217582
2.04638e-10	-0.0222467
2.04816e-10	-0.0227384
2.04994e-10	-0.0232331
2.05172e-10	-0.0237309
2.0535e-10	-0.0242318
2.05528e-10	-0.0247358
2.05706e-10	-0.0252429
2.05883e-10	-0.0257531
2.06061e-10	-0.0262664
2.06239e-10	-0.0267828
2.06417e-10	-0.0273023
2.06595e-10	-0.027825
2.06773e-10	-0.0283508
2.06951e-10	-0.0288797
2.07128e-10	-0.0294117
2.07306e-10	-0.0299469
2.07484e-10	-0.0304852
2.07662e-10	-0.0310266
2.0784e-10	-0.0315712
2.08018e-10	-0.032119
2.08196e-10	-0.0326698
2.08374e-10	-0.0332239
2.08551e-10	-0.0337811
2.08729e-10	-0.0343414
2.08907e-10	-0.034905
2.09085e-10	-0.0354716
2.09263e-10	-0.0360415
2.09441e-10	-0.0366145
2.09619e-10	-0.0371907
2.09797e-10	-0.0377701
2.09974e-10	-0.0383526
2.10152e-10	-0.0389383
2.1033e-10	-0.0395272
2.10508e-10	-0.0401193
2.10686e-10	-0.0407145
2.10864e-10	-0.0413129
2.11042e-10	-0.0419146
2.11219e-10	-0.0425194
2.11397e-10	-0.0431273
2.11575e-10	-0.0437385
2.11753e-10	-0.0443529
2.11931e-10	-0.0449704
2.12109e-10	-0.0455912
2.12287e-10	-0.0462151
2.12465e-10	-0.0468422
2.12642e-10	-0.0474726
2.1282e-10	-0.0481061
2.12998e-10	-0.0487428
2.13176e-10	-0.0493827
2.13354e-10	-0.0500258
2.13532e-10	-0.050672
2.1371e-10	-0.0513215
2.13888e-10	-0.0519742
2.14065e-10	-0.05263
2.14243e-10	-0.053289
2.14421e-10	-0.0539513
2.14599e-10	-0.0546167
2.14777e-10	-0.0552853
2.14955e-10	-0.055957
2.15133e-10	-0.056632
2.1531e-10	-0.0573102
2.15488e-10	-0.0579915
2.15666e-10	-0.058676
2.15844e-10	-0.0593637
2.16022e-10	-0.0600545
2.162e-10	-0.0607486
2.16378e-10	-0.0614458
2.16556e-10	-0.0621462
2.16733e-10	-0.0628497
2.16911e-10	-0.0635564
2.17089e-10	-0.0642663
2.17267e-10	-0.0649793
2.17445e-10	-0.0656955
2.17623e-10	-0.0664148
2.17801e-10	-0.0671373
2.17978e-10	-0.0678629
2.18156e-10	-0.0685916
2.18334e-10	-0.0693235
2.18512e-10	-0.0700586
2.1869e-10	-0.0707967
2.18868e-10	-0.071538
2.19046e-10	-0.0722824
2.19224e-10	-0.07303
2.19401e-10	-0.0737806
2.19579e-10	-0.0745344
2.19757e-10	-0.0752912
2.19935e-10	-0.0760512
2.20113e-10	-0.0768142
2.20291e-10	-0.0775803
2.20469e-10	-0.0783496
2.20647e-10	-0.0791218
2.20824e-10	-0.0798972
2.21002e-10	-0.0806756
2.2118e-10	-0.0814571
2.21358e-10	-0.0822417
2.21536e-10	-0.0830293
2.21714e-10	-0.0838199
2.21892e-10	-0.0846136
2.22069e-10	-0.0854103
2.22247e-10	-0.08621
2.22425e-10	-0.0870127
2.22603e-10	-0.0878185
2.22781e-10	-0.0886272
2.22959e-10	-0.0894389
2.23137e-10	-0.0902537
2.23315e-10	-0.0910714
2.23492e-10	-0.091892
2.2367e-10	-0.0927156
2.23848e-10	-0.0935422
2.24026e-10	-0.0943718
2.24204e-10	-0.0952042
2.24382e-10	-0.0960396
2.2456e-10	-0.0968779
2.24738e-10	-0.0977191
2.24915e-10	-0.0985633
2.25093e-10	-0.0994103
2.25271e-10	-0.10026
2.25449e-10	-0.101113
2.25627e-10	-0.101969
2.25805e-10	-0.102827
2.25983e-10	-0.103688
2.2616e-10	-0.104553
2.26338e-10	-0.10542
2.26516e-10	-0.106289
2.26694e-10	-0.107162
2.26872e-10	-0.108037
2.2705e-10	-0.108916
2.27228e-10	-0.109796
2.27406e-10	-0.11068
2.27583e-10	-0.111567
2.27761e-10	-0.112456
2.27939e-10	-0.113348
2.28117e-10	-0.114242
2.28295e-10	-0.11514
2.28473e-10	-0.11604
2.28651e-10	-0.116942
2.28829e-10	-0.117848
2.29006e-10	-0.118756
2.29184e-10	-0.119666
2.29362e-10	-0.120579
2.2954e-10	-0.121495
2.29718e-10	-0.122414
2.29896e-10	-0.123335
2.30074e-10	-0.124258
2.30251e-10	-0.125185
2.30429e-10	-0.126113
2.30607e-10	-0.127044
2.30785e-10	-0.127978
2.30963e-10	-0.128914
2.31141e-10	-0.129853
2.31319e-10	-0.130794
2.31497e-10	-0.131738
2.31674e-10	-0.132684
2.31852e-10	-0.133632
2.3203e-10	-0.134583
2.32208e-10	-0.135537
2.32386e-10	-0.136492
2.32564e-10	-0.13745
2.32742e-10	-0.138411
2.32919e-10	-0.139373
2.33097e-10	-0.140338
2.33275e-10	-0.141306
2.33453e-10	-0.142275
2.33631e-10	-0.143247
2.33809e-10	-0.144221
2.33987e-10	-0.145197
2.34165e-10	-0.146176
2.34342e-10	-0.147156
2.3452e-10	-0.148139
2.34698e-10	-0.149124
2.34876e-10	-0.150111
2.35054e-10	-0.1511
2.35232e-10	-0.152092
2.3541e-10	-0.153085
2.35588e-10	-0.154081
2.35765e-10	-0.155078
2.35943e-10	-0.156077
2.36121e-10	-0.157079
2.36299e-10	-0.158082
2.36477e-10	-0.159088
2.36655e-10	-0.160095
2.36833e-10	-0.161105
2.3701e-10	-0.162116
2.37188e-10	-0.163129
2.37366e-10	-0.164144
2.37544e-10	-0.16516
2.37722e-10	-0.166179
2.379e-10	-0.167199
2.38078e-10	-0.168221
2.38256e-10	-0.169245
2.38433e-10	-0.170271
2.38611e-10	-0.171298
2.38789e-10	-0.172327
2.38967e-10	-0.173358
2.39145e-10	-0.17439
2.39323e-10	-0.175424
2.39501e-10	-0.176459
2.39679e-10	-0.177496
2.39856e-10	-0.178535
2.40034e-10	-0.179575
2.40212e-10	-0.180617
2.4039e-10	-0.18166
2.40568e-10	-0.182704
2.40746e-10	-0.18375
2.40924e-10	-0.184798
2.41101e-10	-0.185846
2.41279e-10	-0.186896
2.41457e-10	-0.187948
2.41635e-10	-0.189
2.41813e-10	-0.190054
2.41991e-10	-0.19111
2.42169e-10	-0.192166
2.42347e-10	-0.193224
2.42524e-10	-0.194283
2.42702e-10	-0.195343
2.4288e-10	-0.196404
2.43058e-10	-0.197466
2.43236e-10	-0.198529
2.43414e-10	-0.199593
2.43592e-10	-0.200659
2.4377e-10	-0.201725
2.43947e-10	-0.202792
2.44125e-10	-0.20386
2.44303e-10	-0.204929
2.44481e-10	-0.205999
2.44659e-10	-0.20707
2.44837e-10	-0.208142
2.45015e-10	-0.209214
2.45192e-10	-0.210287
2.4537e-10	-0.211361
2.45548e-10	-0.212436
2.45726e-10	-0.213511
2.45904e-10	-0.214587
2.46082e-10	-0.215664
2.4626e-10	-0.216741
2.46438e-10	-0.217818
2.46615e-10	-0.218897
2.46793e-10	-0.219975
2.46971e-10	-0.221055
2.47149e-10	-0.222134
2.47327e-10	-0.223214
2.47505e-10	-0.224295
2.47683e-10	-0.225375
2.4786e-10	-0.226456
2.48038e-10	-0.227538
2.48216e-10	-0.228619
2.48394e-10	-0.229701
2.48572e-10	-0.230783
2.4875e-10	-0.231865
2.48928e-10	-0.232947
2.49106e-10	-0.23403
2.49283e-10	-0.235112
2.49461e-10	-0.236195
2.49639e-10	-0.237277
2.49817e-10	-0.238359
2.49995e-10	-0.239442
2.50173e-10	-0.240524
2.50351e-10	-0.241606
2.50529e-10	-0.242688
2.50706e-10	-0.243769
2.50884e-10	-0.244851
2.51062e-10	-0.245932
2.5124e-10	-0.247013
2.51418e-10	-0.248093
2.51596e-10	-0.249174
2.51774e-10	-0.250253
2.51951e-10	-0.251332
2.52129e-10	-0.252411
2.52307e-10	-0.25349
2.52485e-10	-0.254567
2.52663e-10	-0.255644
2.52841e-10	-0.256721
2.53019e-10	-0.257797
2.53197e-10	-0.258872
2.53374e-10	-0.259946
2.53552e-10	-0.26102
2.5373e-10	-0.262093
2.53908e-10	-0.263165
2.54086e-10	-0.264236
2.54264e-10	-0.265306
2.54442e-10	-0.266375
2.5462e-10	-0.267444
2.54797e-10	-0.268511
2.54975e-10	-0.269577
2.55153e-10	-0.270642
2.55331e-10	-0.271706
2.55509e-10	-0.272769
2.55687e-10	-0.27383
2.55865e-10	-0.27489
2.56042e-10	-0.275949
2.5622e-10	-0.277007
2.56398e-10	-0.278063
2.56576e-10	-0.279118
2.56754e-10	-0.280172
2.56932e-10	-0.281224
2.5711e-10	-0.282274
2.57288e-10	-0.283323
2.57465e-10	-0.28437
2.57643e-10	-0.285416
2.57821e-10	-0.28646
2.57999e-10	-0.287502
2.58177e-10	-0.288543
2.58355e-10	-0.289581
2.58533e-10	-0.290618
2.58711e-10	-0.291653
2.58888e-10	-0.292686
2.59066e-10	-0.293718
2.59244e-10	-0.294747
2.59422e-10	-0.295774
2.596e-10	-0.296799
2.59778e-10	-0.297822
2.59956e-10	-0.298842
2.60133e-10	-0.299861
2.60311e-10	-0.300877
2.60489e-10	-0.301891
2.60667e-10	-0.302903
2.60845e-10	-0.303912
2.61023e-10	-0.304919
2.61201e-10	-0.305923
2.61379e-10	-0.306925
2.61556e-10	-0.307925
2.61734e-10	-0.308921
2.61912e-10	-0.309916
2.6209e-10	-0.310907
2.62268e-10	-0.311896
2.62446e-10	-0.312882
2.62624e-10	-0.313865
2.62801e-10	-0.314846
2.62979e-10	-0.315823
2.63157e-10	-0.316798
2.63335e-10	-0.31777
2.63513e-10	-0.318738
2.63691e-10	-0.319704
2.63869e-10	-0.320667
2.64047e-10	-0.321626
2.64224e-10	-0.322582
2.64402e-10	-0.323536
2.6458e-10	-0.324485
2.64758e-10	-0.325432
2.64936e-10	-0.326375
2.65114e-10	-0.327315
2.65292e-10	-0.328251
2.6547e-10	-0.329184
2.65647e-10	-0.330113
2.65825e-10	-0.331039
2.66003e-10	-0.331961
2.66181e-10	-0.33288
2.66359e-10	-0.333794
2.66537e-10	-0.334705
2.66715e-10	-0.335613
2.66892e-10	-0.336516
2.6707e-10	-0.337415
2.67248e-10	-0.338311
2.67426e-10	-0.339203
2.67604e-10	-0.34009
2.67782e-10	-0.340974
2.6796e-10	-0.341853
2.68138e-10	-0.342729
2.68315e-10	-0.3436
2.68493e-10	-0.344467
2.68671e-10	-0.345329
2.68849e-10	-0.346188
2.69027e-10	-0.347041
2.69205e-10	-0.347891
2.69383e-10	-0.348736
2.69561e-10	-0.349576
2.69738e-10	-0.350412
2.69916e-10	-0.351244
2.70094e-10	-0.35207
2.70272e-10	-0.352893
2.7045e-10	-0.35371
2.70628e-10	-0.354522
2.70806e-10	-0.35533
2.70983e-10	-0.356133
2.71161e-10	-0.356931
2.71339e-10	-0.357724
2.71517e-10	-0.358512
2.71695e-10	-0.359294
2.71873e-10	-0.360072
2.72051e-10	-0.360845
2.72229e-10	-0.361612
2.72406e-10	-0.362375
2.72584e-10	-0.363131
2.72762e-10	-0.363883
2.7294e-10	-0.364629
2.73118e-10	-0.36537
2.73296e-10	-0.366105
2.73474e-10	-0.366835
2.73652e-10	-0.367559
2.73829e-10	-0.368278
2.74007e-10	-0.368991
2.74185e-10	-0.369698
2.74363e-10	-0.3704
2.74541e-10	-0.371096
2.74719e-10	-0.371786
2.74897e-10	-0.37247
2.75074e-10	-0.373148
2.75252e-10	-0.37382
2.7543e-10	-0.374486
2.75608e-10	-0.375147
2.75786e-10	-0.375801
2.75964e-10	-0.376448
2.76142e-10	-0.37709
2.7632e-10	-0.377726
2.76497e-10	-0.378355
2.76675e-10	-0.378977
2.76853e-10	-0.379594
2.77031e-10	-0.380204
2.77209e-10	-0.380807
2.77387e-10	-0.381404
2.77565e-10	-0.381995
2.77742e-10	-0.382579
2.7792e-10	-0.383156
2.78098e-10	-0.383726
2.78276e-10	-0.38429
2.78454e-10	-0.384847
2.78632e-10	-0.385397
2.7881e-10	-0.38594
2.78988e-10	-0.386477
2.79165e-10	-0.387006
2.79343e-10	-0.387528
2.79521e-10	-0.388043
2.79699e-10	-0.388552
2.79877e-10	-0.389053
2.80055e-10	-0.389546
2.80233e-10	-0.390033
2.80411e-10	-0.390512
2.80588e-10	-0.390984
2.80766e-10	-0.391449
2.80944e-10	-0.391906
2.81122e-10	-0.392356
2.813e-10	-0.392798
2.81478e-10	-0.393233
2.81656e-10	-0.39366
2.81833e-10	-0.394079
2.82011e-10	-0.394491
2.82189e-10	-0.394895
2.82367e-10	-0.395291
2.82545e-10	-0.395679
2.82723e-10	-0.39606
2.82901e-10	-0.396433
2.83079e-10	-0.396797
2.83256e-10	-0.397154
2.83434e-10	-0.397503
2.83612e-10	-0.397843
2.8379e-10	-0.398176
2.83968e-10	-0.3985
2.84146e-10	-0.398816
2.84324e-10	-0.399124
2.84502e-10	-0.399424
2.84679e-10	-0.399715
2.84857e-10	-0.399998
2.85035e-10	-0.400272
2.85213e-10	-0.400539
2.85391e-10	-0.400796
2.85569e-10	-0.401045
2.85747e-10	-0.401285
2.85924e-10	-0.401517
2.86102e-10	-0.40174
2.8628e-10	-0.401955
2.86458e-10	-0.40216
2.86636e-10	-0.402357
2.86814e-10	-0.402545
2.86992e-10	-0.402724
2.8717e-10	-0.402895
2.87347e-10	-0.403056
2.87525e-10	-0.403208
2.87703e-10	-0.403351
2.87881e-10	-0.403485
2.88059e-10	-0.403611
2.88237e-10	-0.403726
2.88415e-10	-0.403833
2.88593e-10	-0.403931
2.8877e-10	-0.404019
2.88948e-10	-0.404098
2.89126e-10	-0.404167
2.89304e-10	-0.404227
2.89482e-10	-0.404278
2.8966e-10	-0.404319
2.89838e-10	-0.404351
2.90015e-10	-0.404373
2.90193e-10	-0.404386
2.90371e-10	-0.404389
2.90549e-10	-0.404382
2.90727e-10	-0.404366
2.90905e-10	-0.40434
2.91083e-10	-0.404304
2.91261e-10	-0.404258
2.91438e-10	-0.404202
2.91616e-10	-0.404137
2.91794e-10	-0.404062
2.91972e-10	-0.403976
2.9215e-10	-0.403881
2.92328e-10	-0.403776
2.92506e-10	-0.40366
2.92683e-10	-0.403535
2.92861e-10	-0.403399
2.93039e-10	-0.403254
2.93217e-10	-0.403098
2.93395e-10	-0.402931
2.93573e-10	-0.402755
2.93751e-10	-0.402568
2.93929e-10	-0.402371
2.94106e-10	-0.402164
2.94284e-10	-0.401946
2.94462e-10	-0.401717
2.9464e-10	-0.401479
2.94818e-10	-0.401229
2.94996e-10	-0.400969
2.95174e-10	-0.400699
2.95352e-10	-0.400418
2.95529e-10	-0.400126
2.95707e-10	-0.399824
2.95885e-10	-0.399511
2.96063e-10	-0.399187
2.96241e-10	-0.398853
2.96419e-10	-0.398508
2.96597e-10	-0.398152
2.96774e-10	-0.397785
2.96952e-10	-0.397407
2.9713e-10	-0.397018
2.97308e-10	-0.396618
2.97486e-10	-0.396208
2.97664e-10	-0.395786
2.97842e-10	-0.395353
2.9802e-10	-0.39491
2.98197e-10	-0.394455
2.98375e-10	-0.393989
2.98553e-10	-0.393512
2.98731e-10	-0.393024
2.98909e-10	-0.392524
2.99087e-10	-0.392014
2.99265e-10	-0.391492
2.99443e-10	-0.390959
2.9962e-10	-0.390414
2.99798e-10	-0.389859
2.99976e-10	-0.389292
3.00154e-10	-0.388713
3.00332e-10	-0.388123
3.0051e-10	-0.387522
3.00688e-10	-0.386909
3.00865e-10	-0.386285
3.01043e-10	-0.385649
3.01221e-10	-0.385002
3.01399e-10	-0.384344
3.01577e-10	-0.383673
3.01755e-10	-0.382991
3.01933e-10	-0.382298
3.02111e-10	-0.381593
3.02288e-10	-0.380876
3.02466e-10	-0.380148
3.02644e-10	-0.379407
3.02822e-10	-0.378656
3.03e-10	-0.377892
3.03178e-10	-0.377117
3.03356e-10	-0.37633
3.03534e-10	-0.375531
3.03711e-10	-0.37472
3.03889e-10	-0.373898
3.04067e-10	-0.373063
3.04245e-10	-0.372217
3.04423e-10	-0.371359
3.04601e-10	-0.370489
3.04779e-10	-0.369607
3.04956e-10	-0.368713
3.05134e-10	-0.367807
3.05312e-10	-0.36689
3.0549e-10	-0.36596
3.05668e-10	-0.365018
3.05846e-10	-0.364064
3.06024e-10	-0.363099
3.06202e-10	-0.362121
3.06379e-10	-0.361131
3.06557e-10	-0.360129
3.06735e-10	-0.359115
3.06913e-10	-0.358089
3.07091e-10	-0.357051
3.07269e-10	-0.356001
3.07447e-10	-0.354938
3.07624e-10	-0.353863
3.07802e-10	-0.352777
3.0798e-10	-0.351678
3.08158e-10	-0.350567
3.08336e-10	-0.349443
3.08514e-10	-0.348308
3.08692e-10	-0.34716
3.0887e-10	-0.346
3.09047e-10	-0.344828
3.09225e-10	-0.343644
3.09403e-10	-0.342448
3.09581e-10	-0.341239
3.09759e-10	-0.340018
3.09937e-10	-0.338784
3.10115e-10	-0.337539
3.10293e-10	-0.336281
3.1047e-10	-0.335011
3.10648e-10	-0.333729
3.10826e-10	-0.332434
3.11004e-10	-0.331127
3.11182e-10	-0.329808
3.1136e-10	-0.328476
3.11538e-10	-0.327132
3.11715e-10	-0.325776
3.11893e-10	-0.324408
3.12071e-10	-0.323027
3.12249e-10	-0.321634
3.12427e-10	-0.320229
3.12605e-10	-0.318811
3.12783e-10	-0.317381
3.12961e-10	-0.315939
3.13138e-10	-0.314484
3.13316e-10	-0.313017
3.13494e-10	-0.311538
3.13672e-10	-0.310046
3.1385e-10	-0.308542
3.14028e-10	-0.307026
3.14206e-10	-0.305498
3.14384e-10	-0.303957
3.14561e-10	-0.302404
3.14739e-10	-0.300839
3.14917e-10	-0.299261
3.15095e-10	-0.297671
3.15273e-10	-0.296069
3.15451e-10	-0.294454
3.15629e-10	-0.292828
3.15806e-10	-0.291189
3.15984e-10	-0.289538
3.16162e-10	-0.287874
3.1634e-10	-0.286198
3.16518e-10	-0.28451
3.16696e-10	-0.28281
3.16874e-10	-0.281098
3.17052e-10	-0.279373
3.17229e-10	-0.277637
3.17407e-10	-0.275888
3.17585e-10	-0.274127
3.17763e-10	-0.272353
3.17941e-10	-0.270568
3.18119e-10	-0.26877
3.18297e-10	-0.266961
3.18474e-10	-0.265139
3.18652e-10	-0.263305
3.1883e-10	-0.261459
3.19008e-10	-0.259601
3.19186e-10	-0.257731
3.19364e-10	-0.255848
3.19542e-10	-0.253954
3.1972e-10	-0.252048
3.19897e-10	-0.25013
3.20075e-10	-0.2482
3.20253e-10	-0.246257
3.20431e-10	-0.244303
3.20609e-10	-0.242337
3.20787e-10	-0.240359
3.20965e-10	-0.23837
3.21143e-10	-0.236368
3.2132e-10	-0.234354
3.21498e-10	-0.232329
3.21676e-10	-0.230292
3.21854e-10	-0.228243
3.22032e-10	-0.226182
3.2221e-10	-0.224109
3.22388e-10	-0.222025
3.22565e-10	-0.219929
3.22743e-10	-0.217822
3.22921e-10	-0.215702
3.23099e-10	-0.213571
3.23277e-10	-0.211429
3.23455e-10	-0.209275
3.23633e-10	-0.207109
3.23811e-10	-0.204932
3.23988e-10	-0.202743
3.24166e-10	-0.200543
3.24344e-10	-0.198331
3.24522e-10	-0.196108
3.247e-10	-0.193873
3.24878e-10	-0.191628
3.25056e-10	-0.18937
3.25234e-10	-0.187102
3.25411e-10	-0.184822
3.25589e-10	-0.182531
3.25767e-10	-0.180229
3.25945e-10	-0.177915
3.26123e-10	-0.17559
3.26301e-10	-0.173255
3.26479e-10	-0.170908
3.26656e-10	-0.16855
3.26834e-10	-0.166181
3.27012e-10	-0.163801
3.2719e-10	-0.16141
3.27368e-10	-0.159008
3.27546e-10	-0.156595
3.27724e-10	-0.154171
3.27902e-10	-0.151737
3.28079e-10	-0.149292
3.28257e-10	-0.146835
3.28435e-10	-0.144369
3.28613e-10	-0.141891
3.28791e-10	-0.139403
3.28969e-10	-0.136904
3.29147e-10	-0.134395
3.29325e-10	-0.131875
3.29502e-10	-0.129345
3.2968e-10	-0.126804
3.29858e-10	-0.124253
3.30036e-10	-0.121692
3.30214e-10	-0.11912
3.30392e-10	-0.116538
3.3057e-10	-0.113945
3.30747e-10	-0.111343
3.30925e-10	-0.10873
3.31103e-10	-0.106107
3.31281e-10	-0.103474
3.31459e-10	-0.100831
3.31637e-10	-0.098178
3.31815e-10	-0.0955151
3.31993e-10	-0.0928423
3.3217e-10	-0.0901597
3.32348e-10	-0.0874673
3.32526e-10	-0.0847651
3.32704e-10	-0.0820532
3.32882e-10	-0.0793316
3.3306e-10	-0.0766004
3.33238e-10	-0.0738597
3.33415e-10	-0.0711094
3.33593e-10	-0.0683497
3.33771e-10	-0.0655805
3.33949e-10	-0.062802
3.34127e-10	-0.0600142
3.34305e-10	-0.0572171
3.34483e-10	-0.0544108
3.34661e-10	-0.0515953
3.34838e-10	-0.0487707
3.35016e-10	-0.0459371
3.35194e-10	-0.0430944
3.35372e-10	-0.0402428
3.3555e-10	-0.0373823
3.35728e-10	-0.034513
3.35906e-10	-0.0316348
3.36084e-10	-0.0287479
3.36261e-10	-0.0258524
3.36439e-10	-0.0229482
3.36617e-10	-0.0200354
3.36795e-10	-0.0171141
3.36973e-10	-0.0141844
3.37151e-10	-0.0112463
3.37329e-10	-0.00829981
3.37506e-10	-0.00534505
3.37684e-10	-0.00238207
3.37862e-10	0.000589084
3.3804e-10	0.00356834
3.38218e-10	0.00655566
3.38396e-10	0.00955095
3.38574e-10	0.0125542
3.38752e-10	0.0155653
3.38929e-10	0.0185842
3.39107e-10	0.0216108
3.39285e-10	0.0246452
3.39463e-10	0.0276871
3.39641e-10	0.0307366
3.39819e-10	0.0337937
3.39997e-10	0.0368581
3.40175e-10	0.0399299
3.40352e-10	0.043009
3.4053e-10	0.0460954
3.40708e-10	0.0491889
3.40886e-10	0.0522896
3.41064e-10	0.0553973
3.41242e-10	0.058512
3.4142e-10	0.0616336
3.41597e-10	0.064762
3.41775e-10	0.0678972
3.41953e-10	0.0710392
3.42131e-10	0.0741878
3.42309e-10	0.0773429
3.42487e-10	0.0805046
3.42665e-10	0.0836727
3.42843e-10	0.0868472
3.4302e-10	0.090028
3.43198e-10	0.093215
3.43376e-10	0.0964082
3.43554e-10	0.0996075
3.43732e-10	0.102813
3.4391e-10	0.106024
3.44088e-10	0.109241
3.44266e-10	0.112464
3.44443e-10	0.115693
3.44621e-10	0.118927
3.44799e-10	0.122167
3.44977e-10	0.125413
3.45155e-10	0.128664
3.45333e-10	0.13192
3.45511e-10	0.135182
3.45688e-10	0.138448
3.45866e-10	0.14172
3.46044e-10	0.144997
3.46222e-10	0.148279
3.464e-10	0.151566
3.46578e-10	0.154858
3.46756e-10	0.158155
3.46934e-10	0.161456
3.47111e-10	0.164762
3.47289e-10	0.168073
3.47467e-10	0.171388
3.47645e-10	0.174707
3.47823e-10	0.178031
3.48001e-10	0.181358
3.48179e-10	0.18469
3.48356e-10	0.188027
3.48534e-10	0.191367
3.48712e-10	0.194711
3.4889e-10	0.198059
3.49068e-10	0.20141
3.49246e-10	0.204766
3.49424e-10	0.208125
3.49602e-10	0.211487
3.49779e-10	0.214853
3.49957e-10	0.218222
3.50135e-10	0.221595
3.50313e-10	0.224971
3.50491e-10	0.228349
3.50669e-10	0.231731
3.50847e-10	0.235116
3.51025e-10	0.238504
3.51202e-10	0.241894
3.5138e-10	0.245288
3.51558e-10	0.248684
3.51736e-10	0.252082
3.51914e-10	0.255483
3.52092e-10	0.258886
3.5227e-10	0.262292
3.52447e-10	0.265699
3.52625e-10	0.269109
3.52803e-10	0.272521
3.52981e-10	0.275935
3.53159e-10	0.27935
3.53337e-10	0.282768
3.53515e-10	0.286187
3.53693e-10	0.289608
3.5387e-10	0.29303
3.54048e-10	0.296454
3.54226e-10	0.299879
3.54404e-10	0.303305
3.54582e-10	0.306733
3.5476e-10	0.310162
3.54938e-10	0.313591
3.55116e-10	0.317022
3.55293e-10	0.320453
3.55471e-10	0.323885
3.55649e-10	0.327318
3.55827e-10	0.330752
3.56005e-10	0.334186
3.56183e-10	0.33762
3.56361e-10	0.341054
3.56538e-10	0.344489
3.56716e-10	0.347924
3.56894e-10	0.351359
3.57072e-10	0.354794
3.5725e-10	0.358229
3.57428e-10	0.361663
3.57606e-10	0.365098
3.57784e-10	0.368531
3.57961e-10	0.371965
3.58139e-10	0.375398
3.58317e-10	0.37883
3.58495e-10	0.382261
3.58673e-10	0.385691
3.58851e-10	0.389121
3.59029e-10	0.39255
3.59207e-10	0.395977
3.59384e-10	0.399403
3.59562e-10	0.402828
3.5974e-10	0.406251
3.59918e-10	0.409674
3.60096e-10	0.413094
3.60274e-10	0.416513
3.60452e-10	0.41993
3.60629e-10	0.423345
3.60807e-10	0.426758
3.60985e-10	0.430169
3.61163e-10	0.433579
3.61341e-10	0.436985
3.61519e-10	0.44039
3.61697e-10	0.443792
3.61875e-10	0.447192
3.62052e-10	0.450589
3.6223e-10	0.453984
3.62408e-10	0.457375
3.62586e-10	0.460764
3.62764e-10	0.46415
3.62942e-10	0.467533
3.6312e-10	0.470913
3.63297e-10	0.474289
3.63475e-10	0.477663
3.63653e-10	0.481033
3.63831e-10	0.484399
3.64009e-10	0.487762
3.64187e-10	0.491121
3.64365e-10	0.494476
3.64543e-10	0.497828
3.6472e-10	0.501175
3.64898e-10	0.504519
3.65076e-10	0.507858
3.65254e-10	0.511193
3.65432e-10	0.514524
3.6561e-10	0.517851
3.65788e-10	0.521173
3.65966e-10	0.52449
3.66143e-10	0.527803
3.66321e-10	0.531111
3.66499e-10	0.534414
3.66677e-10	0.537712
3.66855e-10	0.541005
3.67033e-10	0.544293
3.67211e-10	0.547575
3.67388e-10	0.550853
3.67566e-10	0.554125
3.67744e-10	0.557391
3.67922e-10	0.560652
3.681e-10	0.563907
3.68278e-10	0.567157
3.68456e-10	0.5704
3.68634e-10	0.573638
3.68811e-10	0.576869
3.68989e-10	0.580094
3.69167e-10	0.583314
3.69345e-10	0.586526
3.69523e-10	0.589733
3.69701e-10	0.592933
3.69879e-10	0.596126
3.70057e-10	0.599313
3.70234e-10	0.602493
3.70412e-10	0.605666
3.7059e-10	0.608832
3.70768e-10	0.611991
3.70946e-10	0.615142
3.71124e-10	0.618287
3.71302e-10	0.621424
3.71479e-10	0.624554
3.71657e-10	0.627677
3.71835e-10	0.630791
3.72013e-10	0.633899
3.72191e-10	0.636998
3.72369e-10	0.64009
3.72547e-10	0.643173
3.72725e-10	0.646249
3.72902e-10	0.649316
3.7308e-10	0.652376
3.73258e-10	0.655427
3.73436e-10	0.658469
3.73614e-10	0.661504
3.73792e-10	0.664529
3.7397e-10	0.667546
3.74148e-10	0.670555
3.74325e-10	0.673554
3.74503e-10	0.676545
3.74681e-10	0.679526
3.74859e-10	0.682499
3.75037e-10	0.685462
3.75215e-10	0.688416
3.75393e-10	0.691361
3.7557e-10	0.694297
3.75748e-10	0.697222
3.75926e-10	0.700139
3.76104e-10	0.703045
3.76282e-10	0.705942
3.7646e-10	0.708829
3.76638e-10	0.711707
3.76816e-10	0.714574
3.76993e-10	0.717431
3.77171e-10	0.720278
3.77349e-10	0.723114
3.77527e-10	0.725941
3.77705e-10	0.728756
3.77883e-10	0.731562
3.78061e-10	0.734357
3.78238e-10	0.737141
3.78416e-10	0.739914
3.78594e-10	0.742676
3.78772e-10	0.745428
3.7895e-10	0.748169
3.79128e-10	0.750898
3.79306e-10	0.753617
3.79484e-10	0.756324
3.79661e-10	0.75902
3.79839e-10	0.761704
3.80017e-10	0.764377
3.80195e-10	0.767039
3.80373e-10	0.769688
3.80551e-10	0.772327
3.80729e-10	0.774953
3.80907e-10	0.777567
3.81084e-10	0.78017
3.81262e-10	0.78276
3.8144e-10	0.785339
3.81618e-10	0.787905
3.81796e-10	0.790459
3.81974e-10	0.793001
3.82152e-10	0.79553
3.82329e-10	0.798047
3.82507e-10	0.800551
3.82685e-10	0.803042
3.82863e-10	0.805521
3.83041e-10	0.807987
3.83219e-10	0.810441
3.83397e-10	0.812881
3.83575e-10	0.815308
3.83752e-10	0.817723
3.8393e-10	0.820124
3.84108e-10	0.822512
3.84286e-10	0.824886
3.84464e-10	0.827248
3.84642e-10	0.829596
3.8482e-10	0.83193
3.84998e-10	0.834251
3.85175e-10	0.836558
3.85353e-10	0.838852
3.85531e-10	0.841131
3.85709e-10	0.843397
3.85887e-10	0.845649
3.86065e-10	0.847887
3.86243e-10	0.850111
3.8642e-10	0.852321
3.86598e-10	0.854517
3.86776e-10	0.856698
3.86954e-10	0.858865
3.87132e-10	0.861018
3.8731e-10	0.863156
3.87488e-10	0.86528
3.87666e-10	0.867389
3.87843e-10	0.869484
3.88021e-10	0.871563
3.88199e-10	0.873629
3.88377e-10	0.875679
3.88555e-10	0.877714
3.88733e-10	0.879735
3.88911e-10	0.88174
3.89089e-10	0.883731
3.89266e-10	0.885706
3.89444e-10	0.887666
3.89622e-10	0.889611
3.898e-10	0.89154
3.89978e-10	0.893455
3.90156e-10	0.895353
3.90334e-10	0.897237
3.90511e-10	0.899104
3.90689e-10	0.900956
3.90867e-10	0.902793
3.91045e-10	0.904614
3.91223e-10	0.906419
3.91401e-10	0.908208
3.91579e-10	0.909981
3.91757e-10	0.911738
3.91934e-10	0.91348
3.92112e-10	0.915205
3.9229e-10	0.916914
3.92468e-10	0.918608
3.92646e-10	0.920285
3.92824e-10	0.921945
3.93002e-10	0.92359
3.93179e-10	0.925218
3.93357e-10	0.926829
3.93535e-10	0.928425
3.93713e-10	0.930003
3.93891e-10	0.931566
3.94069e-10	0.933111
3.94247e-10	0.93464
3.94425e-10	0.936152
3.94602e-10	0.937648
3.9478e-10	0.939127
3.94958e-10	0.940589
3.95136e-10	0.942034
3.95314e-10	0.943462
3.95492e-10	0.944873
3.9567e-10	0.946267
3.95848e-10	0.947645
3.96025e-10	0.949005
3.96203e-10	0.950348
3.96381e-10	0.951674
3.96559e-10	0.952982
3.96737e-10	0.954274
3.96915e-10	0.955548
3.97093e-10	0.956804
3.9727e-10	0.958044
3.97448e-10	0.959266
3.97626e-10	0.96047
3.97804e-10	0.961657
3.97982e-10	0.962827
3.9816e-10	0.963979
3.98338e-10	0.965113
3.98516e-10	0.96623
3.98693e-10	0.967329
3.98871e-10	0.968411
3.99049e-10	0.969475
3.99227e-10	0.970521
3.99405e-10	0.971549
3.99583e-10	0.972559
3.99761e-10	0.973552
3.99939e-10	0.974526
4.00116e-10	0.975483
4.00294e-10	0.976422
4.00472e-10	0.977343
4.0065e-10	0.978246
4.00828e-10	0.979131
4.01006e-10	0.979997
4.01184e-10	0.980846
4.01361e-10	0.981677
4.01539e-10	0.982489
4.01717e-10	0.983283
4.01895e-10	0.984059
4.02073e-10	0.984817
4.02251e-10	0.985557
4.02429e-10	0.986278
4.02607e-10	0.986982
4.02784e-10	0.987666
4.02962e-10	0.988333
4.0314e-10	0.988981
4.03318e-10	0.989611
4.03496e-10	0.990222
4.03674e-10	0.990815
4.03852e-10	0.99139
4.0403e-10	0.991946
4.04207e-10	0.992484
4.04385e-10	0.993003
4.04563e-10	0.993504
4.04741e-10	0.993986
4.04919e-10	0.99445
4.05097e-10	0.994896
4.05275e-10	0.995322
4.05452e-10	0.99573
4.0563e-10	0.99612
4.05808e-10	0.996491
4.05986e-10	0.996844
4.06164e-10	0.997177
4.06342e-10	0.997493
4.0652e-10	0.997789
4.06698e-10	0.998067
4.06875e-10	0.998326
4.07053e-10	0.998567
4.07231e-10	0.998789
4.07409e-10	0.998993
4.07587e-10	0.999177
4.07765e-10	0.999343
4.07943e-10	0.999491
4.0812e-10	0.999619
4.08298e-10	0.999729
4.08476e-10	0.999821
4.08654e-10	0.999893
4.08832e-10	0.999947
4.0901e-10	0.999982
4.09188e-10	0.999999
4.09366e-10	0.999996
4.09543e-10	0.999976
4.09721e-10	0.999936
4.09899e-10	0.999878
4.10077e-10	0.999801
4.10255e-10	0.999705
4.10433e-10	0.99959
4.10611e-10	0.999457
4.10789e-10	0.999306
4.10966e-10	0.999135
4.11144e-10	0.998946
4.11322e-10	0.998738
4.115e-10	0.998512
4.11678e-10	0.998267
4.11856e-10	0.998003
4.12034e-10	0.997721
4.12211e-10	0.99742
4.12389e-10	0.9971
4.12567e-10	0.996762
4.12745e-10	0.996405
4.12923e-10	0.996029
4.13101e-10	0.995635
4.13279e-10	0.995223
4.13457e-10	0.994792
4.13634e-10	0.994342
4.13812e-10	0.993874
4.1399e-10	0.993387
4.14168e-10	0.992882
4.14346e-10	0.992358
4.14524e-10	0.991816
4.14702e-10	0.991256
4.1488e-10	0.990677
4.15057e-10	0.990079
4.15235e-10	0.989463
4.15413e-10	0.988829
4.15591e-10	0.988177
4.15769e-10	0.987506
4.15947e-10	0.986817
4.16125e-10	0.986109
4.16302e-10	0.985383
4.1648e-10	0.984639
4.16658e-10	0.983877
4.16836e-10	0.983097
4.17014e-10	0.982298
4.17192e-10	0.981481
4.1737e-10	0.980647
4.17548e-10	0.979794
4.17725e-10	0.978923
4.17903e-10	0.978033
4.18081e-10	0.977126
4.18259e-10	0.976201
4.18437e-10	0.975258
4.18615e-10	0.974297
4.18793e-10	0.973318
4.18971e-10	0.972322
4.19148e-10	0.971307
4.19326e-10	0.970274
4.19504e-10	0.969224
4.19682e-10	0.968156
4.1986e-10	0.967071
4.20038e-10	0.965967
4.20216e-10	0.964846
4.20393e-10	0.963708
4.20571e-10	0.962551
4.20749e-10	0.961378
4.20927e-10	0.960187
4.21105e-10	0.958978
4.21283e-10	0.957752
4.21461e-10	0.956508
4.21639e-10	0.955247
4.21816e-10	0.953969
4.21994e-10	0.952674
4.22172e-10	0.951361
4.2235e-10	0.950031
4.22528e-10	0.948684
4.22706e-10	0.94732
4.22884e-10	0.945939
4.23061e-10	0.94454
4.23239e-10	0.943125
4.23417e-10	0.941693
4.23595e-10	0.940244
4.23773e-10	0.938778
4.23951e-10	0.937295
4.24129e-10	0.935796
4.24307e-10	0.934279
4.24484e-10	0.932746
4.24662e-10	0.931197
4.2484e-10	0.929631
4.25018e-10	0.928048
4.25196e-10	0.926449
4.25374e-10	0.924833
4.25552e-10	0.923202
4.2573e-10	0.921553
4.25907e-10	0.919889
4.26085e-10	0.918208
4.26263e-10	0.916511
4.26441e-10	0.914798
4.26619e-10	0.913069
4.26797e-10	0.911323
4.26975e-10	0.909562
4.27152e-10	0.907785
4.2733e-10	0.905992
4.27508e-10	0.904184
4.27686e-10	0.902359
4.27864e-10	0.900519
4.28042e-10	0.898663
4.2822e-10	0.896792
4.28398e-10	0.894905
4.28575e-10	0.893002
4.28753e-10	0.891085
4.28931e-10	0.889151
4.29109e-10	0.887203
4.29287e-10	0.885239
4.29465e-10	0.88326
4.29643e-10	0.881266
4.29821e-10	0.879257
4.29998e-10	0.877233
4.30176e-10	0.875194
4.30354e-10	0.873141
4.30532e-10	0.871072
4.3071e-10	0.868989
4.30888e-10	0.866891
4.31066e-10	0.864778
4.31243e-10	0.862651
4.31421e-10	0.860509
4.31599e-10	0.858353
4.31777e-10	0.856182
4.31955e-10	0.853998
4.32133e-10	0.851799
4.32311e-10	0.849585
4.32489e-10	0.847358
4.32666e-10	0.845117
4.32844e-10	0.842862
4.33022e-10	0.840592
4.332e-10	0.838309
4.33378e-10	0.836013
4.33556e-10	0.833702
4.33734e-10	0.831378
4.33912e-10	0.829041
4.34089e-10	0.826689
4.34267e-10	0.824325
4.34445e-10	0.821947
4.34623e-10	0.819556
4.34801e-10	0.817152
4.34979e-10	0.814734
4.35157e-10	0.812304
4.35334e-10	0.809861
4.35512e-10	0.807404
4.3569e-10	0.804935
4.35868e-10	0.802453
4.36046e-10	0.799959
4.36224e-10	0.797451
4.36402e-10	0.794932
4.3658e-10	0.792399
4.36757e-10	0.789855
4.36935e-10	0.787298
4.37113e-10	0.784729
4.37291e-10	0.782148
4.37469e-10	0.779554
4.37647e-10	0.776949
4.37825e-10	0.774332
4.38002e-10	0.771703
4.3818e-10	0.769062
4.38358e-10	0.766409
4.38536e-10	0.763745
4.38714e-10	0.761069
4.38892e-10	0.758382
4.3907e-10	0.755683
4.39248e-10	0.752974
4.39425e-10	0.750253
4.39603e-10	0.74752
4.39781e-10	0.744777
4.39959e-10	0.742023
4.40137e-10	0.739258
4.40315e-10	0.736482
4.40493e-10	0.733695
4.40671e-10	0.730898
4.40848e-10	0.72809
4.41026e-10	0.725272
4.41204e-10	0.722443
4.41382e-10	0.719604
4.4156e-10	0.716755
4.41738e-10	0.713895
4.41916e-10	0.711026
4.42093e-10	0.708146
4.42271e-10	0.705257
4.42449e-10	0.702358
4.42627e-10	0.699449
4.42805e-10	0.69653
4.42983e-10	0.693602
4.43161e-10	0.690664
4.43339e-10	0.687717
4.43516e-10	0.684761
4.43694e-10	0.681795
4.43872e-10	0.678821
4.4405e-10	0.675837
4.44228e-10	0.672844
4.44406e-10	0.669843
4.44584e-10	0.666832
4.44762e-10	0.663813
4.44939e-10	0.660786
4.45117e-10	0.657749
4.45295e-10	0.654705
4.45473e-10	0.651652
4.45651e-10	0.64859
4.45829e-10	0.645521
4.46007e-10	0.642443
4.46184e-10	0.639358
4.46362e-10	0.636265
4.4654e-10	0.633163
4.46718e-10	0.630054
4.46896e-10	0.626938
4.47074e-10	0.623813
4.47252e-10	0.620682
4.4743e-10	0.617543
4.47607e-10	0.614396
4.47785e-10	0.611243
4.47963e-10	0.608082
4.48141e-10	0.604914
4.48319e-10	0.60174
4.48497e-10	0.598558
4.48675e-10	0.59537
4.48852e-10	0.592175
4.4903e-10	0.588974
4.49208e-10	0.585766
4.49386e-10	0.582551
4.49564e-10	0.579331
4.49742e-10	0.576104
4.4992e-10	0.572871
4.50098e-10	0.569632
4.50275e-10	0.566387
4.50453e-10	0.563136
4.50631e-10	0.55988
4.50809e-10	0.556618
4.50987e-10	0.55335
4.51165e-10	0.550077
4.51343e-10	0.546798
4.51521e-10	0.543514
4.51698e-10	0.540225
4.51876e-10	0.536931
4.52054e-10	0.533632
4.52232e-10	0.530327
4.5241e-10	0.527018
4.52588e-10	0.523704
4.52766e-10	0.520386
4.52943e-10	0.517063
4.53121e-10	0.513735
4.53299e-10	0.510404
4.53477e-10	0.507067
4.53655e-10	0.503727
4.53833e-10	0.500383
4.54011e-10	0.497034
4.54189e-10	0.493682
4.54366e-10	0.490325
4.54544e-10	0.486965
4.54722e-10	0.483602
4.549e-10	0.480234
4.55078e-10	0.476864
4.55256e-10	0.47349
4.55434e-10	0.470112
4.55612e-10	0.466732
4.55789e-10	0.463348
4.55967e-10	0.459962
4.56145e-10	0.456572
4.56323e-10	0.45318
4.56501e-10	0.449784
4.56679e-10	0.446387
4.56857e-10	0.442986
4.57034e-10	0.439584
4.57212e-10	0.436178
4.5739e-10	0.432771
4.57568e-10	0.429361
4.57746e-10	0.42595
4.57924e-10	0.422536
4.58102e-10	0.41912
4.5828e-10	0.415703
4.58457e-10	0.412284
4.58635e-10	0.408863
4.58813e-10	0.405441
4.58991e-10	0.402017
4.59169e-10	0.398591
4.59347e-10	0.395165
4.59525e-10	0.391737
4.59703e-10	0.388309
4.5988e-10	0.384879
4.60058e-10	0.381448
4.60236e-10	0.378017
4.60414e-10	0.374584
4.60592e-10	0.371151
4.6077e-10	0.367718
4.60948e-10	0.364284
4.61125e-10	0.36085
4.61303e-10	0.357415
4.61481e-10	0.35398
4.61659e-10	0.350545
4.61837e-10	0.34711
4.62015e-10	0.343675
4.62193e-10	0.340241
4.62371e-10	0.336806
4.62548e-10	0.333372
4.62726e-10	0.329938
4.62904e-10	0.326505
4.63082e-10	0.323072
4.6326e-10	0.31964
4.63438e-10	0.316209
4.63616e-10	0.312779
4.63793e-10	0.309349
4.63971e-10	0.305921
4.64149e-10	0.302494
4.64327e-10	0.299067
4.64505e-10	0.295643
4.64683e-10	0.292219
4.64861e-10	0.288797
4.65039e-10	0.285377
4.65216e-10	0.281958
4.65394e-10	0.278541
4.65572e-10	0.275126
4.6575e-10	0.271712
4.65928e-10	0.268301
4.66106e-10	0.264892
4.66284e-10	0.261484
4.66462e-10	0.258079
4.66639e-10	0.254677
4.66817e-10	0.251277
4.66995e-10	0.247879
4.67173e-10	0.244483
4.67351e-10	0.241091
4.67529e-10	0.237701
4.67707e-10	0.234314
4.67884e-10	0.23093
4.68062e-10	0.227549
4.6824e-10	0.22417
4.68418e-10	0.220795
4.68596e-10	0.217424
4.68774e-10	0.214055
4.68952e-10	0.21069
4.6913e-10	0.207328
4.69307e-10	0.20397
4.69485e-10	0.200616
4.69663e-10	0.197265
4.69841e-10	0.193918
4.70019e-10	0.190575
4.70197e-10	0.187236
4.70375e-10	0.183901
4.70553e-10	0.18057
4.7073e-10	0.177243
4.70908e-10	0.17392
4.71086e-10	0.170602
4.71264e-10	0.167288
4.71442e-10	0.163978
4.7162e-10	0.160674
4.71798e-10	0.157373
4.71975e-10	0.154078
4.72153e-10	0.150787
4.72331e-10	0.147501
4.72509e-10	0.144221
4.72687e-10	0.140945
4.72865e-10	0.137674
4.73043e-10	0.134408
4.73221e-10	0.131148
4.73398e-10	0.127893
4.73576e-10	0.124643
4.73754e-10	0.121399
4.73932e-10	0.11816
4.7411e-10	0.114927
4.74288e-10	0.1117
4.74466e-10	0.108478
4.74644e-10	0.105263
4.74821e-10	0.102053
4.74999e-10	0.098849
4.75177e-10	0.0956511
4.75355e-10	0.0924594
4.75533e-10	0.0892738
4.75711e-10	0.0860945
4.75889e-10	0.0829215
4.76066e-10	0.0797549
4.76244e-10	0.0765948
4.76422e-10	0.0734412
4.766e-10	0.0702942
4.76778e-10	0.0671538
4.76956e-10	0.0640202
4.77134e-10	0.0608933
4.77312e-10	0.0577734
4.77489e-10	0.0546604
4.77667e-10	0.0515543
4.77845e-10	0.0484553
4.78023e-10	0.0453635
4.78201e-10	0.0422788
4.78379e-10	0.0392014
4.78557e-10	0.0361314
4.78734e-10	0.0330687
4.78912e-10	0.0300134
4.7909e-10	0.0269657
4.79268e-10	0.0239255
4.79446e-10	0.020893
4.79624e-10	0.0178682
4.79802e-10	0.0148511
4.7998e-10	0.0118419
4.80157e-10	0.00884055
4.80335e-10	0.00584714
4.80513e-10	0.00286173
4.80691e-10	-0.000115611
4.80869e-10	-0.00308483
4.81047e-10	-0.00604588
4.81225e-10	-0.00899868
4.81403e-10	-0.0119432
4.8158e-10	-0.0148793
4.81758e-10	-0.0178071
4.81936e-10	-0.0207263
4.82114e-10	-0.0236371
4.82292e-10	-0.0265392
4.8247e-10	-0.0294327
4.82648e-10	-0.0323175
4.82825e-10	-0.0351936
4.83003e-10	-0.0380609
4.83181e-10	-0.0409193
4.83359e-10	-0.0437688
4.83537e-10	-0.0466093
4.83715e-10	-0.0494408
4.83893e-10	-0.0522632
4.84071e-10	-0.0550765
4.84248e-10	-0.0578807
4.84426e-10	-0.0606756
4.84604e-10	-0.0634612
4.84782e-10	-0.0662375
4.8496e-10	-0.0690044
4.85138e-10	-0.0717619
4.85316e-10	-0.0745099
4.85494e-10	-0.0772484
4.85671e-10	-0.0799773
4.85849e-10	-0.0826966
4.86027e-10	-0.0854062
4.86205e-10	-0.0881061
4.86383e-10	-0.0907962
4.86561e-10	-0.0934765
4.86739e-10	-0.0961469
4.86916e-10	-0.0988075
4.87094e-10	-0.101458
4.87272e-10	-0.104099
4.8745e-10	-0.106729
4.87628e-10	-0.10935
4.87806e-10	-0.11196
4.87984e-10	-0.11456
4.88162e-10	-0.11715
4.88339e-10	-0.11973
4.88517e-10	-0.122299
4.88695e-10	-0.124858
4.88873e-10	-0.127407
4.89051e-10	-0.129945
4.89229e-10	-0.132473
4.89407e-10	-0.134991
4.89585e-10	-0.137497
4.89762e-10	-0.139994
4.8994e-10	-0.142479
4.90118e-10	-0.144954
4.90296e-10	-0.147418
4.90474e-10	-0.149872
4.90652e-10	-0.152315
4.9083e-10	-0.154747
4.91007e-10	-0.157168
4.91185e-10	-0.159578
4.91363e-10	-0.161977
4.91541e-10	-0.164366
4.91719e-10	-0.166743
4.91897e-10	-0.169109
4.92075e-10	-0.171465
4.92253e-10	-0.173809
4.9243e-10	-0.176142
4.92608e-10	-0.178464
4.92786e-10	-0.180775
4.92964e-10	-0.183075
4.93142e-10	-0.185363
4.9332e-10	-0.18764
4.93498e-10	-0.189906
4.93675e-10	-0.192161
4.93853e-10	-0.194404
4.94031e-10	-0.196636
4.94209e-10	-0.198856
4.94387e-10	-0.201065
4.94565e-10	-0.203263
4.94743e-10	-0.205449
4.94921e-10	-0.207623
4.95098e-10	-0.209786
4.95276e-10	-0.211937
4.95454e-10	-0.214077
4.95632e-10	-0.216205
4.9581e-10	-0.218322
4.95988e-10	-0.220427
4.96166e-10	-0.22252
4.96344e-10	-0.224602
4.96521e-10	-0.226671
4.96699e-10	-0.228729
4.96877e-10	-0.230775
4.97055e-10	-0.23281
4.97233e-10	-0.234832
4.97411e-10	-0.236843
4.97589e-10	-0.238842
4.97766e-10	-0.240829
4.97944e-10	-0.242804
4.98122e-10	-0.244767
4.983e-10	-0.246719
4.98478e-10	-0.248658
4.98656e-10	-0.250585
4.98834e-10	-0.252501
4.99012e-10	-0.254404
4.99189e-10	-0.256296
4.99367e-10	-0.258175
4.99545e-10	-0.260042
4.99723e-10	-0.261897
4.99901e-10	-0.26374
5.00079e-10	-0.265571
5.00257e-10	-0.26739
5.00435e-10	-0.269197
5.00612e-10	-0.270992
5.0079e-10	-0.272774
5.00968e-10	-0.274545
5.01146e-10	-0.276303
5.01324e-10	-0.278049
5.01502e-10	-0.279783
5.0168e-10	-0.281505
5.01857e-10	-0.283214
5.02035e-10	-0.284911
5.02213e-10	-0.286597
5.02391e-10	-0.288269
5.02569e-10	-0.28993
5.02747e-10	-0.291578
5.02925e-10	-0.293214
5.03103e-10	-0.294838
5.0328e-10	-0.29645
5.03458e-10	-0.298049
5.03636e-10	-0.299636
5.03814e-10	-0.301211
5.03992e-10	-0.302773
5.0417e-10	-0.304323
5.04348e-10	-0.305861
5.04526e-10	-0.307387
5.04703e-10	-0.3089
5.04881e-10	-0.310401
5.05059e-10	-0.311889
5.05237e-10	-0.313366
5.05415e-10	-0.31483
5.05593e-10	-0.316281
5.05771e-10	-0.317721
5.05948e-10	-0.319148
5.06126e-10	-0.320563
5.06304e-10	-0.321965
5.06482e-10	-0.323355
5.0666e-10	-0.324733
5.06838e-10	-0.326099
5.07016e-10	-0.327452
5.07194e-10	-0.328793
5.07371e-10	-0.330121
5.07549e-10	-0.331438
5.07727e-10	-0.332742
5.07905e-10	-0.334034
5.08083e-10	-0.335313
5.08261e-10	-0.33658
5.08439e-10	-0.337835
5.08616e-10	-0.339078
5.08794e-10	-0.340308
5.08972e-10	-0.341526
5.0915e-10	-0.342732
5.09328e-10	-0.343926
5.09506e-10	-0.345107
5.09684e-10	-0.346276
5.09862e-10	-0.347433
5.10039e-10	-0.348578
5.10217e-10	-0.349711
5.10395e-10	-0.350831
5.10573e-10	-0.351939
5.10751e-10	-0.353035
5.10929e-10	-0.354119
5.11107e-10	-0.355191
5.11285e-10	-0.35625
5.11462e-10	-0.357298
5.1164e-10	-0.358333
5.11818e-10	-0.359356
5.11996e-10	-0.360368
5.12174e-10	-0.361367
5.12352e-10	-0.362354
5.1253e-10	-0.363329
5.12707e-10	-0.364292
5.12885e-10	-0.365242
5.13063e-10	-0.366181
5.13241e-10	-0.367108
5.13419e-10	-0.368023
5.13597e-10	-0.368926
5.13775e-10	-0.369817
5.13953e-10	-0.370696
5.1413e-10	-0.371563
5.14308e-10	-0.372419
5.14486e-10	-0.373262
5.14664e-10	-0.374094
5.14842e-10	-0.374913
5.1502e-10	-0.375721
5.15198e-10	-0.376517
5.15376e-10	-0.377302
5.15553e-10	-0.378074
5.15731e-10	-0.378835
5.15909e-10	-0.379584
5.16087e-10	-0.380321
5.16265e-10	-0.381047
5.16443e-10	-0.381761
5.16621e-10	-0.382463
5.16798e-10	-0.383154
5.16976e-10	-0.383833
5.17154e-10	-0.384501
5.17332e-10	-0.385157
5.1751e-10	-0.385801
5.17688e-10	-0.386434
5.17866e-10	-0.387056
5.18044e-10	-0.387666
5.18221e-10	-0.388264
5.18399e-10	-0.388851
5.18577e-10	-0.389427
5.18755e-10	-0.389991
5.18933e-10	-0.390544
5.19111e-10	-0.391086
5.19289e-10	-0.391617
5.19467e-10	-0.392136
5.19644e-10	-0.392644
5.19822e-10	-0.39314
5.2e-10	-0.393626
5.20178e-10	-0.3941
5.20356e-10	-0.394564
5.20534e-10	-0.395016
5.20712e-10	-0.395457
5.20889e-10	-0.395887
5.21067e-10	-0.396306
5.21245e-10	-0.396714
5.21423e-10	-0.397111
5.21601e-10	-0.397497
5.21779e-10	-0.397873
5.21957e-10	-0.398237
5.22135e-10	-0.39859
5.22312e-10	-0.398933
5.2249e-10	-0.399265
5.22668e-10	-0.399586
5.22846e-10	-0.399897
5.23024e-10	-0.400196
5.23202e-10	-0.400486
5.2338e-10	-0.400764
5.23557e-10	-0.401032
5.23735e-10	-0.401289
5.23913e-10	-0.401536
5.24091e-10	-0.401772
5.24269e-10	-0.401998
5.24447e-10	-0.402214
5.24625e-10	-0.402419
5.24803e-10	-0.402613
5.2498e-10	-0.402798
5.25158e-10	-0.402972
5.25336e-10	-0.403136
5.25514e-10	-0.403289
5.25692e-10	-0.403432
5.2587e-10	-0.403566
5.26048e-10	-0.403689
5.26226e-10	-0.403802
5.26403e-10	-0.403905
5.26581e-10	-0.403997
5.26759e-10	-0.40408
5.26937e-10	-0.404153
5.27115e-10	-0.404216
5.27293e-10	-0.40427
5.27471e-10	-0.404313
5.27648e-10	-0.404347
5.27826e-10	-0.40437
5.28004e-10	-0.404384
5.28182e-10	-0.404389
5.2836e-10	-0.404384
5.28538e-10	-0.404369
5.28716e-10	-0.404344
5.28894e-10	-0.40431
5.29071e-10	-0.404267
5.29249e-10	-0.404214
5.29427e-10	-0.404152
5.29605e-10	-0.40408
5.29783e-10	-0.403999
5.29961e-10	-0.403908
5.30139e-10	-0.403809
5.30317e-10	-0.4037
5.30494e-10	-0.403582
5.30672e-10	-0.403455
5.3085e-10	-0.403318
5.31028e-10	-0.403173
5.31206e-10	-0.403018
5.31384e-10	-0.402855
5.31562e-10	-0.402683
5.31739e-10	-0.402501
5.31917e-10	-0.402311
5.32095e-10	-0.402112
5.32273e-10	-0.401905
5.32451e-10	-0.401688
5.32629e-10	-0.401463
5.32807e-10	-0.401229
5.32985e-10	-0.400987
5.33162e-10	-0.400736
5.3334e-10	-0.400476
5.33518e-10	-0.400208
5.33696e-10	-0.399932
5.33874e-10	-0.399647
5.34052e-10	-0.399354
5.3423e-10	-0.399052
5.34408e-10	-0.398742
5.34585e-10	-0.398424
5.34763e-10	-0.398098
5.34941e-10	-0.397763
5.35119e-10	-0.397421
5.35297e-10	-0.39707
5.35475e-10	-0.396712
5.35653e-10	-0.396345
5.3583e-10	-0.395971
5.36008e-10	-0.395588
5.36186e-10	-0.395198
5.36364e-10	-0.3948
5.36542e-10	-0.394394
5.3672e-10	-0.39398
5.36898e-10	-0.393559
5.37076e-10	-0.39313
5.37253e-10	-0.392694
5.37431e-10	-0.39225
5.37609e-10	-0.391798
5.37787e-10	-0.391339
5.37965e-10	-0.390873
5.38143e-10	-0.390399
5.38321e-10	-0.389918
5.38498e-10	-0.38943
5.38676e-10	-0.388935
5.38854e-10	-0.388432
5.39032e-10	-0.387922
5.3921e-10	-0.387405
5.39388e-10	-0.386881
5.39566e-10	-0.38635
5.39744e-10	-0.385812
5.39921e-10	-0.385267
5.40099e-10	-0.384716
5.40277e-10	-0.384157
5.40455e-10	-0.383592
5.40633e-10	-0.38302
5.40811e-10	-0.382441
5.40989e-10	-0.381856
5.41167e-10	-0.381264
5.41344e-10	-0.380665
5.41522e-10	-0.38006
5.417e-10	-0.379448
5.41878e-10	-0.37883
5.42056e-10	-0.378206
5.42234e-10	-0.377576
5.42412e-10	-0.376939
5.42589e-10	-0.376296
5.42767e-10	-0.375646
5.42945e-10	-0.374991
5.43123e-10	-0.374329
5.43301e-10	-0.373662
5.43479e-10	-0.372988
5.43657e-10	-0.372308
5.43835e-10	-0.371623
5.44012e-10	-0.370932
5.4419e-10	-0.370234
5.44368e-10	-0.369531
5.44546e-10	-0.368823
5.44724e-10	-0.368108
5.44902e-10	-0.367388
5.4508e-10	-0.366663
5.45258e-10	-0.365932
5.45435e-10	-0.365195
5.45613e-10	-0.364453
5.45791e-10	-0.363705
5.45969e-10	-0.362953
5.46147e-10	-0.362194
5.46325e-10	-0.361431
5.46503e-10	-0.360662
5.4668e-10	-0.359888
5.46858e-10	-0.359109
5.47036e-10	-0.358325
5.47214e-10	-0.357536
5.47392e-10	-0.356742
5.4757e-10	-0.355943
5.47748e-10	-0.355139
5.47926e-10	-0.35433
5.48103e-10	-0.353517
5.48281e-10	-0.352698
5.48459e-10	-0.351875
5.48637e-10	-0.351047
5.48815e-10	-0.350215
5.48993e-10	-0.349378
5.49171e-10	-0.348536
5.49349e-10	-0.34769
5.49526e-10	-0.346839
5.49704e-10	-0.345985
5.49882e-10	-0.345125
5.5006e-10	-0.344262
5.50238e-10	-0.343394
5.50416e-10	-0.342522
5.50594e-10	-0.341645
5.50771e-10	-0.340765
5.50949e-10	-0.33988
5.51127e-10	-0.338992
5.51305e-10	-0.338099
5.51483e-10	-0.337203
5.51661e-10	-0.336302
5.51839e-10	-0.335398
5.52017e-10	-0.33449
5.52194e-10	-0.333578
5.52372e-10	-0.332662
5.5255e-10	-0.331743
5.52728e-10	-0.33082
5.52906e-10	-0.329893
5.53084e-10	-0.328963
5.53262e-10	-0.32803
5.53439e-10	-0.327092
5.53617e-10	-0.326152
5.53795e-10	-0.325208
5.53973e-10	-0.324261
5.54151e-10	-0.32331
5.54329e-10	-0.322356
5.54507e-10	-0.321399
5.54685e-10	-0.320439
5.54862e-10	-0.319476
5.5504e-10	-0.318509
5.55218e-10	-0.31754
5.55396e-10	-0.316567
5.55574e-10	-0.315592
5.55752e-10	-0.314614
5.5593e-10	-0.313633
5.56108e-10	-0.312649
5.56285e-10	-0.311662
5.56463e-10	-0.310672
5.56641e-10	-0.30968
5.56819e-10	-0.308685
5.56997e-10	-0.307688
5.57175e-10	-0.306688
5.57353e-10	-0.305685
5.5753e-10	-0.30468
5.57708e-10	-0.303673
5.57886e-10	-0.302663
5.58064e-10	-0.301651
5.58242e-10	-0.300636
5.5842e-10	-0.29962
5.58598e-10	-0.298601
5.58776e-10	-0.297579
5.58953e-10	-0.296556
5.59131e-10	-0.295531
5.59309e-10	-0.294503
5.59487e-10	-0.293473
5.59665e-10	-0.292442
5.59843e-10	-0.291408
5.60021e-10	-0.290373
5.60199e-10	-0.289336
5.60376e-10	-0.288296
5.60554e-10	-0.287255
5.60732e-10	-0.286213
5.6091e-10	-0.285168
5.61088e-10	-0.284122
5.61266e-10	-0.283075
5.61444e-10	-0.282025
5.61621e-10	-0.280975
5.61799e-10	-0.279922
5.61977e-10	-0.278869
5.62155e-10	-0.277813
5.62333e-10	-0.276757
5.62511e-10	-0.275699
5.62689e-10	-0.274639
5.62867e-10	-0.273579
5.63044e-10	-0.272517
5.63222e-10	-0.271454
5.634e-10	-0.27039
5.63578e-10	-0.269324
5.63756e-10	-0.268258
5.63934e-10	-0.26719
5.64112e-10	-0.266122
5.64289e-10	-0.265053
5.64467e-10	-0.263982
5.64645e-10	-0.262911
5.64823e-10	-0.261839
5.65001e-10	-0.260766
5.65179e-10	-0.259692
5.65357e-10	-0.258617
5.65535e-10	-0.257542
5.65712e-10	-0.256466
5.6589e-10	-0.255389
5.66068e-10	-0.254312
5.66246e-10	-0.253234
5.66424e-10	-0.252156
5.66602e-10	-0.251077
5.6678e-10	-0.249997
5.66958e-10	-0.248918
5.67135e-10	-0.247837
5.67313e-10	-0.246757
5.67491e-10	-0.245676
5.67669e-10	-0.244595
5.67847e-10	-0.243513
5.68025e-10	-0.242431
5.68203e-10	-0.24135
5.6838e-10	-0.240267
5.68558e-10	-0.239185
5.68736e-10	-0.238103
5.68914e-10	-0.237021
5.69092e-10	-0.235938
5.6927e-10	-0.234856
5.69448e-10	-0.233773
5.69626e-10	-0.232691
5.69803e-10	-0.231609
5.69981e-10	-0.230527
5.70159e-10	-0.229445
5.70337e-10	-0.228363
5.70515e-10	-0.227281
5.70693e-10	-0.2262
5.70871e-10	-0.225119
5.71049e-10	-0.224039
5.71226e-10	-0.222958
5.71404e-10	-0.221878
5.71582e-10	-0.220799
5.7176e-10	-0.21972
5.71938e-10	-0.218641
5.72116e-10	-0.217563
5.72294e-10	-0.216485
5.72471e-10	-0.215409
5.72649e-10	-0.214332
5.72827e-10	-0.213256
5.73005e-10	-0.212181
5.73183e-10	-0.211107
5.73361e-10	-0.210033
5.73539e-10	-0.20896
5.73717e-10	-0.207888
5.73894e-10	-0.206816
5.74072e-10	-0.205746
5.7425e-10	-0.204676
5.74428e-10	-0.203607
5.74606e-10	-0.202539
5.74784e-10	-0.201472
5.74962e-10	-0.200406
5.7514e-10	-0.199341
5.75317e-10	-0.198277
5.75495e-10	-0.197214
5.75673e-10	-0.196152
5.75851e-10	-0.195091
5.76029e-10	-0.194032
5.76207e-10	-0.192973
5.76385e-10	-0.191916
5.76562e-10	-0.19086
5.7674e-10	-0.189805
5.76918e-10	-0.188751
5.77096e-10	-0.187699
5.77274e-10	-0.186647
5.77452e-10	-0.185598
5.7763e-10	-0.184549
5.77808e-10	-0.183502
5.77985e-10	-0.182457
5.78163e-10	-0.181413
5.78341e-10	-0.18037
5.78519e-10	-0.179329
5.78697e-10	-0.178289
5.78875e-10	-0.177251
5.79053e-10	-0.176214
5.7923e-10	-0.175179
5.79408e-10	-0.174145
5.79586e-10	-0.173113
5.79764e-10	-0.172083
5.79942e-10	-0.171055
5.8012e-10	-0.170028
5.80298e-10	-0.169003
5.80476e-10	-0.167979
5.80653e-10	-0.166957
5.80831e-10	-0.165937
5.81009e-10	-0.164919
5.81187e-10	-0.163903
5.81365e-10	-0.162889
5.81543e-10	-0.161876
5.81721e-10	-0.160865
5.81899e-10	-0.159856
5.82076e-10	-0.158849
5.82254e-10	-0.157845
5.82432e-10	-0.156842
5.8261e-10	-0.155841
5.82788e-10	-0.154841
5.82966e-10	-0.153844
5.83144e-10	-0.15285
5.83321e-10	-0.151857
5.83499e-10	-0.150866
5.83677e-10	-0.149877
5.83855e-10	-0.148891
5.84033e-10	-0.147906
5.84211e-10	-0.146924
5.84389e-10	-0.145944
5.84567e-10	-0.144966
5.84744e-10	-0.14399
5.84922e-10	-0.143016
5.851e-10	-0.142045
5.85278e-10	-0.141076
5.85456e-10	-0.140109
5.85634e-10	-0.139145
5.85812e-10	-0.138183
5.8599e-10	-0.137223
5.86167e-10	-0.136266
5.86345e-10	-0.135311
5.86523e-10	-0.134358
5.86701e-10	-0.133407
5.86879e-10	-0.13246
5.87057e-10	-0.131514
5.87235e-10	-0.130571
5.87412e-10	-0.12963
5.8759e-10	-0.128692
5.87768e-10	-0.127757
5.87946e-10	-0.126824
5.88124e-10	-0.125893
5.88302e-10	-0.124965
5.8848e-10	-0.124039
5.88658e-10	-0.123116
5.88835e-10	-0.122196
5.89013e-10	-0.121278
5.89191e-10	-0.120363
5.89369e-10	-0.11945
5.89547e-10	-0.11854
5.89725e-10	-0.117633
5.89903e-10	-0.116728
5.90081e-10	-0.115826
5.90258e-10	-0.114927
5.90436e-10	-0.11403
5.90614e-10	-0.113136
5.90792e-10	-0.112245
5.9097e-10	-0.111356
5.91148e-10	-0.110471
5.91326e-10	-0.109587
5.91503e-10	-0.108707
5.91681e-10	-0.10783
5.91859e-10	-0.106955
5.92037e-10	-0.106083
5.92215e-10	-0.105214
5.92393e-10	-0.104348
5.92571e-10	-0.103484
5.92749e-10	-0.102623
5.92926e-10	-0.101766
5.93104e-10	-0.100911
5.93282e-10	-0.100059
5.9346e-10	-0.0992093
5.93638e-10	-0.098363
5.93816e-10	-0.0975196
5.93994e-10	-0.096679
5.94171e-10	-0.0958414
5.94349e-10	-0.0950067
5.94527e-10	-0.0941749
5.94705e-10	-0.0933461
5.94883e-10	-0.0925202
5.95061e-10	-0.0916973
5.95239e-10	-0.0908773
5.95417e-10	-0.0900604
5.95594e-10	-0.0892463
5.95772e-10	-0.0884353
5.9595e-10	-0.0876273
5.96128e-10	-0.0868223
5.96306e-10	-0.0860202
5.96484e-10	-0.0852212
5.96662e-10	-0.0844252
5.9684e-10	-0.0836323
5.97017e-10	-0.0828424
5.97195e-10	-0.0820555
5.97373e-10	-0.0812717
5.97551e-10	-0.0804909
5.97729e-10	-0.0797132
5.97907e-10	-0.0789386
5.98085e-10	-0.078167
5.98262e-10	-0.0773985
5.9844e-10	-0.0766331
5.98618e-10	-0.0758708
5.98796e-10	-0.0751116
5.98974e-10	-0.0743555
5.99152e-10	-0.0736025
5.9933e-10	-0.0728526
5.99508e-10	-0.0721058
5.99685e-10	-0.0713621
5.99863e-10	-0.0706216
6.00041e-10	-0.0698841
6.00219e-10	-0.0691498
6.00397e-10	-0.0684187
6.00575e-10	-0.0676907
6.00753e-10	-0.0669658
6.00931e-10	-0.0662441
6.01108e-10	-0.0655255
6.01286e-10	-0.0648101
6.01464e-10	-0.0640978
6.01642e-10	-0.0633887
6.0182e-10	-0.0626827
6.01998e-10	-0.0619799
6.02176e-10	-0.0612803
6.02353e-10	-0.0605839
6.02531e-10	-0.0598906
6.02709e-10	-0.0592005
6.02887e-10	-0.0585135
6.03065e-10	-0.0578298
6.03243e-10	-0.0571492
6.03421e-10	-0.0564718
6.03599e-10	-0.0557976
6.03776e-10	-0.0551266
6.03954e-10	-0.0544587
6.04132e-10	-0.0537941
6.0431e-10	-0.0531326
6.04488e-10	-0.0524743
6.04666e-10	-0.0518192
6.04844e-10	-0.0511673
6.05022e-10	-0.0505186
6.05199e-10	-0.0498731
6.05377e-10	-0.0492308
6.05555e-10	-0.0485916
6.05733e-10	-0.0479557
6.05911e-10	-0.0473229
6.06089e-10	-0.0466934
6.06267e-10	-0.046067
6.06444e-10	-0.0454438
6.06622e-10	-0.0448238
6.068e-10	-0.044207
6.06978e-10	-0.0435934
6.07156e-10	-0.042983
6.07334e-10	-0.0423758
6.07512e-10	-0.0417717
6.0769e-10	-0.0411709
6.07867e-10	-0.0405732
6.08045e-10	-0.0399787
6.08223e-10	-0.0393874
6.08401e-10	-0.0387992
6.08579e-10	-0.0382143
6.08757e-10	-0.0376325
6.08935e-10	-0.0370539
6.09112e-10	-0.0364785
6.0929e-10	-0.0359062
6.09468e-10	-0.0353371
6.09646e-10	-0.0347712
6.09824e-10	-0.0342084
6.10002e-10	-0.0336488
6.1018e-10	-0.0330923
6.10358e-10	-0.032539
6.10535e-10	-0.0319889
6.10713e-10	-0.0314419
6.10891e-10	-0.0308981
6.11069e-10	-0.0303574
6.11247e-10	-0.0298198
6.11425e-10	-0.0292854
6.11603e-10	-0.0287541
6.11781e-10	-0.0282259
6.11958e-10	-0.0277009
6.12136e-10	-0.027179
6.12314e-10	-0.0266602
6.12492e-10	-0.0261445
6.1267e-10	-0.0256319
6.12848e-10	-0.0251225
6.13026e-10	-0.0246161
6.13203e-10	-0.0241128
6.13381e-10	-0.0236127
6.13559e-10	-0.0231156
6.13737e-10	-0.0226216
6.13915e-10	-0.0221307
6.14093e-10	-0.0216429
6.14271e-10	-0.0211581
6.14449e-10	-0.0206764
6.14626e-10	-0.0201978
6.14804e-10	-0.0197222
6.14982e-10	-0.0192497
6.1516e-10	-0.0187802
6.15338e-10	-0.0183138
6.15516e-10	-0.0178504
6.15694e-10	-0.01739
6.15872e-10	-0.0169327
6.16049e-10	-0.0164784
6.16227e-10	-0.0160271
6.16405e-10	-0.0155788
6.16583e-10	-0.0151335
6.16761e-10	-0.0146912
6.16939e-10	-0.0142519
6.17117e-10	-0.0138155
6.17294e-10	-0.0133822
6.17472e-10	-0.0129518
6.1765e-10	-0.0125244
6.17828e-10	-0.0121
6.18006e-10	-0.0116785
6.18184e-10	-0.0112599
6.18362e-10	-0.0108443
6.1854e-10	-0.0104317
6.18717e-10	-0.0100219
6.18895e-10	-0.00961511
6.19073e-10	-0.00921121
6.19251e-10	-0.00881022
6.19429e-10	-0.00841212
6.19607e-10	-0.00801692
6.19785e-10	-0.00762461
6.19963e-10	-0.00723518
6.2014e-10	-0.00684862
6.20318e-10	-0.00646492
6.20496e-10	-0.00608409
6.20674e-10	-0.0057061
6.20852e-10	-0.00533096
6.2103e-10	-0.00495866
6.21208e-10	-0.00458918
6.21385e-10	-0.00422253
6.21563e-10	-0.00385869
6.21741e-10	-0.00349765
6.21919e-10	-0.00313942
6.22097e-10	-0.00278397
6.22275e-10	-0.00243131
6.22453e-10	-0.00208142
6.22631e-10	-0.0017343
6.22808e-10	-0.00138994
6.22986e-10	-0.00104833
6.23164e-10	-0.00070946
6.23342e-10	-0.000373328
6.2352e-10	-3.99215e-05
6.23698e-10	0.000290766
6.23876e-10	0.000618743
6.24053e-10	0.000944018
6.24231e-10	0.0012666
6.24409e-10	0.0015865
6.24587e-10	0.00190372
6.24765e-10	0.00221827
6.24943e-10	0.00253016
6.25121e-10	0.0028394
6.25299e-10	0.003146
6.25476e-10	0.00344996
6.25654e-10	0.0037513
6.25832e-10	0.00405002
6.2601e-10	0.00434614
6.26188e-10	0.00463965
6.26366e-10	0.00493058
6.26544e-10	0.00521892
6.26722e-10	0.00550469
6.26899e-10	0.0057879
6.27077e-10	0.00606856
6.27255e-10	0.00634666
6.27433e-10	0.00662224
6.27611e-10	0.00689528
6.27789e-10	0.00716581
6.27967e-10	0.00743383
6.28144e-10	0.00769935
6.28322e-10	0.00796238
6.285e-10	0.00822293
6.28678e-10	0.00848101
6.28856e-10	0.00873662
6.29034e-10	0.00898978
6.29212e-10	0.0092405
6.2939e-10	0.00948878
6.29567e-10	0.00973464
6.29745e-10	0.00997808
6.29923e-10	0.0102191
6.30101e-10	0.0104578
6.30279e-10	0.010694
6.30457e-10	0.0109279
6.30635e-10	0.0111594
6.30813e-10	0.0113886
6.3099e-10	0.0116154
6.31168e-10	0.0118398
6.31346e-10	0.012062
6.31524e-10	0.0122818
6.31702e-10	0.0124993
6.3188e-10	0.0127145
6.32058e-10	0.0129274
6.32235e-10	0.0131381
6.32413e-10	0.0133464
6.32591e-10	0.0135525
6.32769e-10	0.0137564
6.32947e-10	0.013958
6.33125e-10	0.0141574
6.33303e-10	0.0143545
6.33481e-10	0.0145495
6.33658e-10	0.0147423
6.33836e-10	0.0149328
6.34014e-10	0.0151212
6.34192e-10	0.0153074
6.3437e-10	0.0154914
6.34548e-10	0.0156733
6.34726e-10	0.0158531
6.34904e-10	0.0160307
6.35081e-10	0.0162062
6.35259e-10	0.0163796
6.35437e-10	0.0165509
6.35615e-10	0.0167201
6.35793e-10	0.0168872
6.35971e-10	0.0170523
6.36149e-10	0.0172153
6.36326e-10	0.0173762
6.36504e-10	0.0175351
6.36682e-10	0.0176919
6.3686e-10	0.0178468
6.37038e-10	0.0179996
6.37216e-10	0.0181505
6.37394e-10	0.0182993
6.37572e-10	0.0184462
6.37749e-10	0.0185911
6.37927e-10	0.018734
6.38105e-10	0.018875
6.38283e-10	0.019014
6.38461e-10	0.0191512
6.38639e-10	0.0192864
6.38817e-10	0.0194196
6.38994e-10	0.019551
6.39172e-10	0.0196805
6.3935e-10	0.0198082
6.39528e-10	0.0199339
6.39706e-10	0.0200578
6.39884e-10	0.0201799
6.40062e-10	0.0203001
6.4024e-10	0.0204185
6.40417e-10	0.020535
6.40595e-10	0.0206498
6.40773e-10	0.0207628
6.40951e-10	0.0208739
6.41129e-10	0.0209833
6.41307e-10	0.021091
6.41485e-10	0.0211969
6.41663e-10	0.021301
6.4184e-10	0.0214034
6.42018e-10	0.0215041
6.42196e-10	0.021603
6.42374e-10	0.0217003
6.42552e-10	0.0217958
6.4273e-10	0.0218897
6.42908e-10	0.0219819
6.43085e-10	0.0220724
6.43263e-10	0.0221613
6.43441e-10	0.0222485
6.43619e-10	0.0223341
6.43797e-10	0.022418
6.43975e-10	0.0225004
6.44153e-10	0.0225811
6.44331e-10	0.0226603
6.44508e-10	0.0227378
6.44686e-10	0.0228138
6.44864e-10	0.0228882
6.45042e-10	0.0229611
6.4522e-10	0.0230324
6.45398e-10	0.0231022
6.45576e-10	0.0231705
6.45754e-10	0.0232372
6.45931e-10	0.0233024
6.46109e-10	0.0233662
6.46287e-10	0.0234284
6.46465e-10	0.0234892
6.46643e-10	0.0235485
6.46821e-10	0.0236064
6.46999e-10	0.0236628
6.47176e-10	0.0237177
6.47354e-10	0.0237713
6.47532e-10	0.0238234
6.4771e-10	0.0238741
6.47888e-10	0.0239234
6.48066e-10	0.0239714
6.48244e-10	0.0240179
6.48422e-10	0.0240631
6.48599e-10	0.0241069
6.48777e-10	0.0241494
6.48955e-10	0.0241905
6.49133e-10	0.0242303
6.49311e-10	0.0242688
6.49489e-10	0.0243059
6.49667e-10	0.0243418
6.49845e-10	0.0243764
6.50022e-10	0.0244097
6.502e-10	0.0244417
6.50378e-10	0.0244724
6.50556e-10	0.0245019
6.50734e-10	0.0245301
6.50912e-10	0.0245572
6.5109e-10	0.0245829
6.51267e-10	0.0246075
6.51445e-10	0.0246309
6.51623e-10	0.024653
6.51801e-10	0.024674
6.51979e-10	0.0246938
6.52157e-10	0.0247124
6.52335e-10	0.0247298
6.52513e-10	0.0247461
6.5269e-10	0.0247613
6.52868e-10	0.0247753
6.53046e-10	0.0247882
6.53224e-10	0.0248
6.53402e-10	0.0248106
6.5358e-10	0.0248202
6.53758e-10	0.0248287
6.53935e-10	0.0248361
6.54113e-10	0.0248424
6.54291e-10	0.0248477
6.54469e-10	0.0248519
6.54647e-10	0.0248551
6.54825e-10	0.0248572
6.55003e-10	0.0248583
6.55181e-10	0.0248584
6.55358e-10	0.0248574
6.55536e-10	0.0248555
6.55714e-10	0.0248526
6.55892e-10	0.0248487
6.5607e-10	0.0248438
6.56248e-10	0.024838
6.56426e-10	0.0248312
6.56604e-10	0.0248234
6.56781e-10	0.0248147
6.56959e-10	0.0248051
6.57137e-10	0.0247945
6.57315e-10	0.024783
6.57493e-10	0.0247707
6.57671e-10	0.0247574
6.57849e-10	0.0247432
6.58026e-10	0.0247282
6.58204e-10	0.0247122
6.58382e-10	0.0246954
6.5856e-10	0.0246778
6.58738e-10	0.0246593
6.58916e-10	0.0246399
6.59094e-10	0.0246198
6.59272e-10	0.0245988
6.59449e-10	0.024577
6.59627e-10	0.0245543
6.59805e-10	0.0245309
6.59983e-10	0.0245067
6.60161e-10	0.0244817
6.60339e-10	0.0244559
6.60517e-10	0.0244293
6.60695e-10	0.024402
6.60872e-10	0.024374
6.6105e-10	0.0243451
6.61228e-10	0.0243156
6.61406e-10	0.0242853
6.61584e-10	0.0242543
6.61762e-10	0.0242226
6.6194e-10	0.0241901
6.62117e-10	0.024157
6.62295e-10	0.0241232
6.62473e-10	0.0240887
6.62651e-10	0.0240535
6.62829e-10	0.0240177
6.63007e-10	0.0239811
6.63185e-10	0.023944
6.63363e-10	0.0239061
6.6354e-10	0.0238677
6.63718e-10	0.0238286
6.63896e-10	0.0237889
6.64074e-10	0.0237485
6.64252e-10	0.0237076
6.6443e-10	0.023666
6.64608e-10	0.0236239
6.64786e-10	0.0235811
6.64963e-10	0.0235378
6.65141e-10	0.0234939
6.65319e-10	0.0234494
6.65497e-10	0.0234044
6.65675e-10	0.0233588
6.65853e-10	0.0233127
6.66031e-10	0.023266
6.66208e-10	0.0232188
6.66386e-10	0.023171
6.66564e-10	0.0231228
6.66742e-10	0.023074
6.6692e-10	0.0230247
6.67098e-10	0.0229749
6.67276e-10	0.0229247
6.67454e-10	0.0228739
6.67631e-10	0.0228226
6.67809e-10	0.0227709
6.67987e-10	0.0227187
6.68165e-10	0.0226661
6.68343e-10	0.022613
6.68521e-10	0.0225594
6.68699e-10	0.0225054
6.68876e-10	0.022451
6.69054e-10	0.0223961
6.69232e-10	0.0223408
6.6941e-10	0.0222851
6.69588e-10	0.022229
6.69766e-10	0.0221724
6.69944e-10	0.0221155
6.70122e-10	0.0220582
6.70299e-10	0.0220005
6.70477e-10	0.0219424
6.70655e-10	0.0218839
6.70833e-10	0.0218251
6.71011e-10	0.0217659
6.71189e-10	0.0217063
6.71367e-10	0.0216464
6.71545e-10	0.0215862
6.71722e-10	0.0215256
6.719e-10	0.0214646
6.72078e-10	0.0214034
6.72256e-10	0.0213418
6.72434e-10	0.0212799
6.72612e-10	0.0212177
6.7279e-10	0.0211552
6.72967e-10	0.0210923
6.73145e-10	0.0210292
6.73323e-10	0.0209658
6.73501e-10	0.0209021
6.73679e-10	0.0208382
6.73857e-10	0.0207739
6.74035e-10	0.0207094
6.74213e-10	0.0206446
6.7439e-10	0.0205796
6.74568e-10	0.0205143
6.74746e-10	0.0204488
6.74924e-10	0.020383
6.75102e-10	0.020317
6.7528e-10	0.0202507
6.75458e-10	0.0201843
6.75636e-10	0.0201176
6.75813e-10	0.0200507
6.75991e-10	0.0199835
6.76169e-10	0.0199162
6.76347e-10	0.0198487
6.76525e-10	0.0197809
6.76703e-10	0.019713
6.76881e-10	0.0196449
6.77058e-10	0.0195766
6.77236e-10	0.0195081
6.77414e-10	0.0194394
6.77592e-10	0.0193706
6.7777e-10	0.0193016
6.77948e-10	0.0192325
6.78126e-10	0.0191632
6.78304e-10	0.0190937
6.78481e-10	0.0190241
6.78659e-10	0.0189544
6.78837e-10	0.0188845
6.79015e-10	0.0188145
6.79193e-10	0.0187443
6.79371e-10	0.0186741
6.79549e-10	0.0186037
6.79727e-10	0.0185332
6.79904e-10	0.0184625
6.80082e-10	0.0183918
6.8026e-10	0.018321
6.80438e-10	0.01825
6.80616e-10	0.018179
6.80794e-10	0.0181079
6.80972e-10	0.0180367
6.81149e-10	0.0179654
6.81327e-10	0.017894
6.81505e-10	0.0178226
6.81683e-10	0.0177511
6.81861e-10	0.0176795
6.82039e-10	0.0176078
6.82217e-10	0.0175361
6.82395e-10	0.0174643
6.82572e-10	0.0173925
6.8275e-10	0.0173206
6.82928e-10	0.0172487
6.83106e-10	0.0171768
6.83284e-10	0.0171048
6.83462e-10	0.0170327
6.8364e-10	0.0169607
6.83817e-10	0.0168886
6.83995e-10	0.0168165
6.84173e-10	0.0167443
6.84351e-10	0.0166722
6.84529e-10	0.0166
6.84707e-10	0.0165278
6.84885e-10	0.0164557
6.85063e-10	0.0163835
6.8524e-10	0.0163113
6.85418e-10	0.0162391
6.85596e-10	0.0161669
6.85774e-10	0.0160947
6.85952e-10	0.0160226
6.8613e-10	0.0159504
6.86308e-10	0.0158783
6.86486e-10	0.0158062
6.86663e-10	0.0157341
6.86841e-10	0.0156621
6.87019e-10	0.0155901
6.87197e-10	0.0155181
6.87375e-10	0.0154461
6.87553e-10	0.0153742
6.87731e-10	0.0153024
6.87908e-10	0.0152305
6.88086e-10	0.0151588
6.88264e-10	0.015087
6.88442e-10	0.0150154
6.8862e-10	0.0149437
6.88798e-10	0.0148722
6.88976e-10	0.0148007
6.89154e-10	0.0147293
6.89331e-10	0.0146579
6.89509e-10	0.0145866
6.89687e-10	0.0145154
6.89865e-10	0.0144442
6.90043e-10	0.0143732
6.90221e-10	0.0143022
6.90399e-10	0.0142313
6.90577e-10	0.0141604
6.90754e-10	0.0140897
6.90932e-10	0.0140191
6.9111e-10	0.0139485
6.91288e-10	0.013878
6.91466e-10	0.0138077
6.91644e-10	0.0137374
6.91822e-10	0.0136672
6.91999e-10	0.0135972
6.92177e-10	0.0135272
6.92355e-10	0.0134574
6.92533e-10	0.0133876
6.92711e-10	0.013318
6.92889e-10	0.0132485
6.93067e-10	0.0131791
6.93245e-10	0.0131098
6.93422e-10	0.0130406
6.936e-10	0.0129716
6.93778e-10	0.0129027
6.93956e-10	0.0128339
6.94134e-10	0.0127652
6.94312e-10	0.0126967
6.9449e-10	0.0126283
6.94667e-10	0.0125601
6.94845e-10	0.0124919
6.95023e-10	0.0124239
6.95201e-10	0.0123561
6.95379e-10	0.0122884
6.95557e-10	0.0122208
6.95735e-10	0.0121534
6.95913e-10	0.0120861
6.9609e-10	0.012019
6.96268e-10	0.011952
6.96446e-10	0.0118851
6.96624e-10	0.0118185
6.96802e-10	0.0117519
6.9698e-10	0.0116856
6.97158e-10	0.0116193
6.97336e-10	0.0115533
6.97513e-10	0.0114874
6.97691e-10	0.0114217
6.97869e-10	0.0113561
6.98047e-10	0.0112907
6.98225e-10	0.0112255
6.98403e-10	0.0111604
6.98581e-10	0.0110955
6.98758e-10	0.0110307
6.98936e-10	0.0109662
6.99114e-10	0.0109018
6.99292e-10	0.0108376
6.9947e-10	0.0107735
6.99648e-10	0.0107097
6.99826e-10	0.010646
7.00004e-10	0.0105825
7.00181e-10	0.0105192
7.00359e-10	0.010456
7.00537e-10	0.0103931
7.00715e-10	0.0103303
7.00893e-10	0.0102677
7.01071e-10	0.0102053
7.01249e-10	0.0101431
7.01427e-10	0.010081
7.01604e-10	0.0100192
7.01782e-10	0.00995753
7.0196e-10	0.00989606
7.02138e-10	0.00983479
7.02316e-10	0.00977371
7.02494e-10	0.00971283
7.02672e-10	0.00965213
7.02849e-10	0.00959164
7.03027e-10	0.00953134
7.03205e-10	0.00947124
7.03383e-10	0.00941134
7.03561e-10	0.00935163
7.03739e-10	0.00929213
7.03917e-10	0.00923282
7.04095e-10	0.00917372
7.04272e-10	0.00911482
7.0445e-10	0.00905612
7.04628e-10	0.00899763
7.04806e-10	0.00893934
7.04984e-10	0.00888126
7.05162e-10	0.00882338
7.0534e-10	0.0087657
7.05518e-10	0.00870824
7.05695e-10	0.00865098
7.05873e-10	0.00859393
7.06051e-10	0.00853709
7.06229e-10	0.00848046
7.06407e-10	0.00842404
7.06585e-10	0.00836782
7.06763e-10	0.00831182
7.0694e-10	0.00825603
7.07118e-10	0.00820046
7.07296e-10	0.00814509
7.07474e-10	0.00808994
7.07652e-10	0.008035
7.0783e-10	0.00798028
7.08008e-10	0.00792577
7.08186e-10	0.00787147
7.08363e-10	0.00781739
7.08541e-10	0.00776353
7.08719e-10	0.00770988
7.08897e-10	0.00765645
7.09075e-10	0.00760323
7.09253e-10	0.00755023
7.09431e-10	0.00749745
7.09608e-10	0.00744488
7.09786e-10	0.00739253
7.09964e-10	0.0073404
7.10142e-10	0.00728849
7.1032e-10	0.0072368
7.10498e-10	0.00718533
7.10676e-10	0.00713407
7.10854e-10	0.00708304
7.11031e-10	0.00703222
7.11209e-10	0.00698162
7.11387e-10	0.00693124
7.11565e-10	0.00688109
7.11743e-10	0.00683115
7.11921e-10	0.00678143
7.12099e-10	0.00673193
7.12277e-10	0.00668266
7.12454e-10	0.0066336
7.12632e-10	0.00658476
7.1281e-10	0.00653615
7.12988e-10	0.00648775
7.13166e-10	0.00643958
7.13344e-10	0.00639163
7.13522e-10	0.00634389
7.13699e-10	0.00629638
7.13877e-10	0.00624909
7.14055e-10	0.00620202
7.14233e-10	0.00615517
7.14411e-10	0.00610854
7.14589e-10	0.00606213
7.14767e-10	0.00601594
7.14945e-10	0.00596997
7.15122e-10	0.00592423
7.153e-10	0.0058787
7.15478e-10	0.00583339
7.15656e-10	0.00578831
7.15834e-10	0.00574344
7.16012e-10	0.00569879
7.1619e-10	0.00565437
7.16368e-10	0.00561016
7.16545e-10	0.00556617
7.16723e-10	0.0055224
7.16901e-10	0.00547886
7.17079e-10	0.00543553
7.17257e-10	0.00539241
7.17435e-10	0.00534952
7.17613e-10	0.00530685
7.1779e-10	0.00526439
7.17968e-10	0.00522215
7.18146e-10	0.00518013
7.18324e-10	0.00513833
7.18502e-10	0.00509674
7.1868e-10	0.00505537
7.18858e-10	0.00501422
7.19036e-10	0.00497329
7.19213e-10	0.00493257
7.19391e-10	0.00489206
7.19569e-10	0.00485178
7.19747e-10	0.0048117
7.19925e-10	0.00477184
7.20103e-10	0.0047322
7.20281e-10	0.00469277
7.20459e-10	0.00465356
7.20636e-10	0.00461455
7.20814e-10	0.00457577
7.20992e-10	0.00453719
7.2117e-10	0.00449883
7.21348e-10	0.00446068
7.21526e-10	0.00442274
7.21704e-10	0.00438501
7.21881e-10	0.00434749
7.22059e-10	0.00431019
7.22237e-10	0.00427309
7.22415e-10	0.00423621
7.22593e-10	0.00419953
7.22771e-10	0.00416306
7.22949e-10	0.0041268
7.23127e-10	0.00409075
7.23304e-10	0.00405491
7.23482e-10	0.00401927
7.2366e-10	0.00398384
7.23838e-10	0.00394861
7.24016e-10	0.0039136
7.24194e-10	0.00387878
7.24372e-10	0.00384418
7.24549e-10	0.00380977
7.24727e-10	0.00377557
7.24905e-10	0.00374158
7.25083e-10	0.00370778
7.25261e-10	0.00367419
7.25439e-10	0.0036408
7.25617e-10	0.00360761
7.25795e-10	0.00357463
7.25972e-10	0.00354184
7.2615e-10	0.00350925
7.26328e-10	0.00347686
7.26506e-10	0.00344468
7.26684e-10	0.00341268
7.26862e-10	0.00338089
7.2704e-10	0.00334929
7.27218e-10	0.00331789
7.27395e-10	0.00328669
7.27573e-10	0.00325568
7.27751e-10	0.00322487
7.27929e-10	0.00319425
7.28107e-10	0.00316382
7.28285e-10	0.00313359
7.28463e-10	0.00310354
7.2864e-10	0.0030737
7.28818e-10	0.00304404
7.28996e-10	0.00301457
7.29174e-10	0.00298529
7.29352e-10	0.0029562
7.2953e-10	0.00292731
7.29708e-10	0.0028986
7.29886e-10	0.00287007
7.30063e-10	0.00284174
7.30241e-10	0.00281359
7.30419e-10	0.00278562
7.30597e-10	0.00275784
7.30775e-10	0.00273025
7.30953e-10	0.00270284
7.31131e-10	0.00267561
7.31309e-10	0.00264857
7.31486e-10	0.0026217
7.31664e-10	0.00259502
7.31842e-10	0.00256852
7.3202e-10	0.0025422
7.32198e-10	0.00251606
7.32376e-10	0.0024901
7.32554e-10	0.00246431
7.32731e-10	0.00243871
7.32909e-10	0.00241328
7.33087e-10	0.00238802
7.33265e-10	0.00236294
7.33443e-10	0.00233804
7.33621e-10	0.00231331
7.33799e-10	0.00228875
7.33977e-10	0.00226437
7.34154e-10	0.00224016
7.34332e-10	0.00221612
7.3451e-10	0.00219225
7.34688e-10	0.00216855
7.34866e-10	0.00214502
7.35044e-10	0.00212165
7.35222e-10	0.00209846
7.354e-10	0.00207543
7.35577e-10	0.00205257
7.35755e-10	0.00202988
7.35933e-10	0.00200735
7.36111e-10	0.00198499
7.36289e-10	0.00196279
7.36467e-10	0.00194075
7.36645e-10	0.00191887
7.36822e-10	0.00189716
7.37e-10	0.00187561
7.37178e-10	0.00185422
7.37356e-10	0.00183298
7.37534e-10	0.00181191
7.37712e-10	0.001791
7.3789e-10	0.00177024
7.38068e-10	0.00174964
7.38245e-10	0.00172919
7.38423e-10	0.0017089
7.38601e-10	0.00168877
7.38779e-10	0.00166879
7.38957e-10	0.00164896
7.39135e-10	0.00162929
7.39313e-10	0.00160977
7.3949e-10	0.0015904
7.39668e-10	0.00157117
7.39846e-10	0.0015521
7.40024e-10	0.00153318
7.40202e-10	0.00151441
7.4038e-10	0.00149578
7.40558e-10	0.0014773
7.40736e-10	0.00145897
7.40913e-10	0.00144078
7.41091e-10	0.00142274
7.41269e-10	0.00140484
7.41447e-10	0.00138709
7.41625e-10	0.00136948
7.41803e-10	0.00135201
7.41981e-10	0.00133468
7.42159e-10	0.00131749
7.42336e-10	0.00130044
7.42514e-10	0.00128353
7.42692e-10	0.00126676
7.4287e-10	0.00125013
7.43048e-10	0.00123364
7.43226e-10	0.00121728
7.43404e-10	0.00120105
7.43581e-10	0.00118496
7.43759e-10	0.00116901
7.43937e-10	0.00115319
7.44115e-10	0.0011375
7.44293e-10	0.00112194
7.44471e-10	0.00110652
7.44649e-10	0.00109122
7.44827e-10	0.00107606
7.45004e-10	0.00106103
7.45182e-10	0.00104612
7.4536e-10	0.00103134
7.45538e-10	0.00101669
7.45716e-10	0.00100217
7.45894e-10	0.000987767
7.46072e-10	0.000973494
7.4625e-10	0.000959344
7.46427e-10	0.000945319
7.46605e-10	0.000931417
7.46783e-10	0.000917637
7.46961e-10	0.000903979
7.47139e-10	0.000890441
7.47317e-10	0.000877024
7.47495e-10	0.000863727
7.47672e-10	0.000850549
7.4785e-10	0.000837488
7.48028e-10	0.000824546
7.48206e-10	0.00081172
7.48384e-10	0.00079901
7.48562e-10	0.000786416
7.4874e-10	0.000773937
7.48918e-10	0.000761572
7.49095e-10	0.00074932
7.49273e-10	0.000737182
7.49451e-10	0.000725155
7.49629e-10	0.00071324
7.49807e-10	0.000701435
7.49985e-10	0.000689741
7.50163e-10	0.000678156
7.50341e-10	0.00066668
7.50518e-10	0.000655312
7.50696e-10	0.000644052
7.50874e-10	0.000632898
7.51052e-10	0.000621851
7.5123e-10	0.000610909
7.51408e-10	0.000600072
7.51586e-10	0.000589339
7.51763e-10	0.00057871
7.51941e-10	0.000568183
7.52119e-10	0.000557759
7.52297e-10	0.000547436
7.52475e-10	0.000537214
7.52653e-10	0.000527093
7.52831e-10	0.000517071
7.53009e-10	0.000507148
7.53186e-10	0.000497324
7.53364e-10	0.000487597
7.53542e-10	0.000477968
7.5372e-10	0.000468435
7.53898e-10	0.000458997
7.54076e-10	0.000449655
7.54254e-10	0.000440408
7.54431e-10	0.000431254
7.54609e-10	0.000422194
7.54787e-10	0.000413227
7.54965e-10	0.000404351
7.55143e-10	0.000395568
7.55321e-10	0.000386875
7.55499e-10	0.000378272
7.55677e-10	0.000369759
7.55854e-10	0.000361335
7.56032e-10	0.000352999
7.5621e-10	0.000344751
7.56388e-10	0.00033659
7.56566e-10	0.000328516
7.56744e-10	0.000320528
7.56922e-10	0.000312626
7.571e-10	0.000304808
7.57277e-10	0.000297074
7.57455e-10	0.000289424
7.57633e-10	0.000281858
7.57811e-10	0.000274373
7.57989e-10	0.000266971
7.58167e-10	0.000259649
7.58345e-10	0.000252409
7.58522e-10	0.000245248
7.587e-10	0.000238168
7.58878e-10	0.000231166
7.59056e-10	0.000224242
7.59234e-10	0.000217397
7.59412e-10	0.000210628
7.5959e-10	0.000203937
7.59768e-10	0.000197321
7.59945e-10	0.000190781
7.60123e-10	0.000184317
7.60301e-10	0.000177926
7.60479e-10	0.00017161
7.60657e-10	0.000165367
7.60835e-10	0.000159197
7.61013e-10	0.000153099
7.61191e-10	0.000147073
7.61368e-10	0.000141118
7.61546e-10	0.000135233
7.61724e-10	0.000129419
7.61902e-10	0.000123674
7.6208e-10	0.000117999
7.62258e-10	0.000112392
7.62436e-10	0.000106853
7.62613e-10	0.000101381
7.62791e-10	9.59764e-05
7.62969e-10	9.06382e-05
7.63147e-10	8.53658e-05
7.63325e-10	8.01589e-05
7.63503e-10	7.50168e-05
7.63681e-10	6.99391e-05
7.63859e-10	6.49252e-05
7.64036e-10	5.99747e-05
7.64214e-10	5.5087e-05
7.64392e-10	5.02616e-05
7.6457e-10	4.54981e-05
7.64748e-10	4.0796e-05
7.64926e-10	3.61546e-05
7.65104e-10	3.15737e-05
7.65282e-10	2.70525e-05
7.65459e-10	2.25908e-05
7.65637e-10	1.8188e-05
7.65815e-10	1.38435e-05
7.65993e-10	9.55699e-06
7.66171e-10	5.32791e-06
7.66349e-10	1.15581e-06
7.66527e-10	-2.9598e-06
7.66704e-10	-7.01939e-06
7.66882e-10	-1.10234e-05
7.6706e-10	-1.49724e-05
7.67238e-10	-1.88667e-05
7.67416e-10	-2.27068e-05
7.67594e-10	-2.64933e-05
7.67772e-10	-3.02265e-05
7.6795e-10	-3.39069e-05
7.68127e-10	-3.7535e-05
7.68305e-10	-4.11112e-05
7.68483e-10	-4.46359e-05
7.68661e-10	-4.81097e-05
7.68839e-10	-5.15329e-05
7.69017e-10	-5.4906e-05
7.69195e-10	-5.82294e-05
7.69372e-10	-6.15036e-05
7.6955e-10	-6.47289e-05
7.69728e-10	-6.79059e-05
7.69906e-10	-7.1035e-05
7.70084e-10	-7.41165e-05
7.70262e-10	-7.7151e-05
7.7044e-10	-8.01387e-05
7.70618e-10	-8.30802e-05
7.70795e-10	-8.59759e-05
7.70973e-10	-8.88261e-05
7.71151e-10	-9.16314e-05
7.71329e-10	-9.4392e-05
7.71507e-10	-9.71085e-05
7.71685e-10	-9.97811e-05
7.71863e-10	-0.00010241
7.72041e-10	-0.000104997
7.72218e-10	-0.00010754
7.72396e-10	-0.000110042
7.72574e-10	-0.000112502
7.72752e-10	-0.00011492
7.7293e-10	-0.000117297
7.73108e-10	-0.000119634
7.73286e-10	-0.00012193
7.73463e-10	-0.000124187
7.73641e-10	-0.000126404
7.73819e-10	-0.000128582
7.73997e-10	-0.000130721
7.74175e-10	-0.000132822
7.74353e-10	-0.000134885
7.74531e-10	-0.00013691
7.74709e-10	-0.000138898
7.74886e-10	-0.000140849
7.75064e-10	-0.000142763
7.75242e-10	-0.000144642
7.7542e-10	-0.000146484
7.75598e-10	-0.000148291
7.75776e-10	-0.000150063
7.75954e-10	-0.000151801
7.76132e-10	-0.000153504
7.76309e-10	-0.000155172
7.76487e-10	-0.000156807
7.76665e-10	-0.000158409
7.76843e-10	-0.000159978
7.77021e-10	-0.000161514
7.77199e-10	-0.000163017
7.77377e-10	-0.000164489
7.77554e-10	-0.000165928
7.77732e-10	-0.000167337
7.7791e-10	-0.000168714
7.78088e-10	-0.000170061
7.78266e-10	-0.000171377
7.78444e-10	-0.000172663
7.78622e-10	-0.00017392
7.788e-10	-0.000175147
7.78977e-10	-0.000176344
7.79155e-10	-0.000177513
7.79333e-10	-0.000178654
7.79511e-10	-0.000179766
7.79689e-10	-0.00018085
7.79867e-10	-0.000181907
7.80045e-10	-0.000182936
7.80223e-10	-0.000183939
7.804e-10	-0.000184914
7.80578e-10	-0.000185864
7.80756e-10	-0.000186787
7.80934e-10	-0.000187684
7.81112e-10	-0.000188556
7.8129e-10	-0.000189402
7.81468e-10	-0.000190224
7.81645e-10	-0.00019102
7.81823e-10	-0.000191793
7.82001e-10	-0.000192541
7.82179e-10	-0.000193265
7.82357e-10	-0.000193966
7.82535e-10	-0.000194643
7.82713e-10	-0.000195298
7.82891e-10	-0.000195929
7.83068e-10	-0.000196538
7.83246e-10	-0.000197125
7.83424e-10	-0.00019769
7.83602e-10	-0.000198233
7.8378e-10	-0.000198755
7.83958e-10	-0.000199255
7.84136e-10	-0.000199734
7.84313e-10	-0.000200193
7.84491e-10	-0.000200631
7.84669e-10	-0.000201049
7.84847e-10	-0.000201447
7.85025e-10	-0.000201826
7.85203e-10	-0.000202185
7.85381e-10	-0.000202524
7.85559e-10	-0.000202845
7.85736e-10	-0.000203147
7.85914e-10	-0.00020343
7.86092e-10	-0.000203695
7.8627e-10	-0.000203942
7.86448e-10	-0.000204171
7.86626e-10	-0.000204383
7.86804e-10	-0.000204577
7.86982e-10	-0.000204754
7.87159e-10	-0.000204914
7.87337e-10	-0.000205057
7.87515e-10	-0.000205184
7.87693e-10	-0.000205294
7.87871e-10	-0.000205389
7.88049e-10	-0.000205467
7.88227e-10	-0.00020553
7.88404e-10	-0.000205578
7.88582e-10	-0.00020561
7.8876e-10	-0.000205628
7.88938e-10	-0.00020563
7.89116e-10	-0.000205618
7.89294e-10	-0.000205591
7.89472e-10	-0.000205551
7.8965e-10	-0.000205496
7.89827e-10	-0.000205427
7.90005e-10	-0.000205345
7.90183e-10	-0.00020525
7.90361e-10	-0.000205141
7.90539e-10	-0.000205019
7.90717e-10	-0.000204884
7.90895e-10	-0.000204737
7.91073e-10	-0.000204577
7.9125e-10	-0.000204405
7.91428e-10	-0.000204221
7.91606e-10	-0.000204024
7.91784e-10	-0.000203816
7.91962e-10	-0.000203597
7.9214e-10	-0.000203366
7.92318e-10	-0.000203124
7.92495e-10	-0.000202871
7.92673e-10	-0.000202606
7.92851e-10	-0.000202332
7.93029e-10	-0.000202046
7.93207e-10	-0.00020175
7.93385e-10	-0.000201444
7.93563e-10	-0.000201128
7.93741e-10	-0.000200802
7.93918e-10	-0.000200466
7.94096e-10	-0.000200121
7.94274e-10	-0.000199766
7.94452e-10	-0.000199402
7.9463e-10	-0.000199029
7.94808e-10	-0.000198647
7.94986e-10	-0.000198256
7.95164e-10	-0.000197857
7.95341e-10	-0.000197449
7.95519e-10	-0.000197032
7.95697e-10	-0.000196608
7.95875e-10	-0.000196175
7.96053e-10	-0.000195734
7.96231e-10	-0.000195286
7.96409e-10	-0.00019483
7.96586e-10	-0.000194366
7.96764e-10	-0.000193895
7.96942e-10	-0.000193417
7.9712e-10	-0.000192932
7.97298e-10	-0.00019244
7.97476e-10	-0.000191941
7.97654e-10	-0.000191435
7.97832e-10	-0.000190923
7.98009e-10	-0.000190404
7.98187e-10	-0.000189879
7.98365e-10	-0.000189347
7.98543e-10	-0.00018881
7.98721e-10	-0.000188267
7.98899e-10	-0.000187718
7.99077e-10	-0.000187163
7.99254e-10	-0.000186602
7.99432e-10	-0.000186036
7.9961e-10	-0.000185465
7.99788e-10	-0.000184889
7.99966e-10	-0.000184307
8.00144e-10	-0.000183721
8.00322e-10	-0.000183129
8.005e-10	-0.000182533
8.00677e-10	-0.000181932
8.00855e-10	-0.000181327
8.01033e-10	-0.000180717
8.01211e-10	-0.000180102
8.01389e-10	-0.000179484
8.01567e-10	-0.000178861
8.01745e-10	-0.000178234
8.01923e-10	-0.000177604
8.021e-10	-0.000176969
8.02278e-10	-0.000176331
8.02456e-10	-0.000175689
8.02634e-10	-0.000175044
8.02812e-10	-0.000174395
8.0299e-10	-0.000173743
8.03168e-10	-0.000173088
8.03345e-10	-0.000172429
8.03523e-10	-0.000171768
8.03701e-10	-0.000171103
8.03879e-10	-0.000170436
8.04057e-10	-0.000169765
8.04235e-10	-0.000169092
8.04413e-10	-0.000168417
8.04591e-10	-0.000167739
8.04768e-10	-0.000167058
8.04946e-10	-0.000166375
8.05124e-10	-0.00016569
8.05302e-10	-0.000165002
8.0548e-10	-0.000164313
8.05658e-10	-0.000163621
8.05836e-10	-0.000162928
8.06014e-10	-0.000162232
8.06191e-10	-0.000161535
8.06369e-10	-0.000160836
8.06547e-10	-0.000160136
8.06725e-10	-0.000159434
8.06903e-10	-0.00015873
8.07081e-10	-0.000158025
8.07259e-10	-0.000157318
8.07436e-10	-0.000156611
8.07614e-10	-0.000155902
8.07792e-10	-0.000155192
8.0797e-10	-0.00015448
8.08148e-10	-0.000153768
8.08326e-10	-0.000153055
8.08504e-10	-0.000152341
8.08682e-10	-0.000151626
8.08859e-10	-0.00015091
8.09037e-10	-0.000150194
8.09215e-10	-0.000149477
8.09393e-10	-0.00014876
8.09571e-10	-0.000148042
8.09749e-10	-0.000147323
8.09927e-10	-0.000146604
8.10104e-10	-0.000145885
8.10282e-10	-0.000145166
8.1046e-10	-0.000144446
8.10638e-10	-0.000143726
8.10816e-10	-0.000143007
8.10994e-10	-0.000142287
8.11172e-10	-0.000141567
8.1135e-10	-0.000140847
8.11527e-10	-0.000140127
8.11705e-10	-0.000139407
8.11883e-10	-0.000138688
8.12061e-10	-0.000137969
8.12239e-10	-0.00013725
8.12417e-10	-0.000136532
8.12595e-10	-0.000135814
8.12773e-10	-0.000135096
8.1295e-10	-0.000134379
8.13128e-10	-0.000133662
8.13306e-10	-0.000132946
8.13484e-10	-0.000132231
8.13662e-10	-0.000131516
8.1384e-10	-0.000130802
8.14018e-10	-0.000130089
8.14195e-10	-0.000129377
8.14373e-10	-0.000128666
8.14551e-10	-0.000127955
8.14729e-10	-0.000127245
8.14907e-10	-0.000126537
8.15085e-10	-0.000125829
8.15263e-10	-0.000125122
8.15441e-10	-0.000124417
8.15618e-10	-0.000123712
8.15796e-10	-0.000123009
8.15974e-10	-0.000122307
8.16152e-10	-0.000121606
8.1633e-10	-0.000120906
8.16508e-10	-0.000120208
8.16686e-10	-0.000119511
8.16864e-10	-0.000118816
8.17041e-10	-0.000118121
8.17219e-10	-0.000117429
8.17397e-10	-0.000116737
8.17575e-10	-0.000116047
8.17753e-10	-0.000115359
8.17931e-10	-0.000114672
8.18109e-10	-0.000113987
8.18286e-10	-0.000113304
8.18464e-10	-0.000112622
